,movie,person,genre,like
0,28,19,0,2.179647957505993
1,185,10,4,-2.2070779652316483
2,17,19,4,-7.202694688993687
3,67,22,0,-2.1296769255840866
4,121,8,1,0.3596847413674098
5,83,6,0,6.175024789163947
6,139,9,1,-1.2177909063276706
7,188,10,1,-0.6155978410169838
8,127,24,4,-2.5537953386899135
9,58,4,4,6.132262472049293
10,34,19,4,4.387546819046053
11,152,14,4,-3.2882381020737004
12,17,19,4,-5.094101870781587
13,84,19,2,-2.0725909482532847
14,96,21,4,-1.6939135543604595
15,141,21,4,-2.356783980903128
16,174,6,0,1.5116482433890748
17,29,3,4,-1.430893982418787
18,40,15,0,-6.324815224603118
19,58,0,4,1.19694454731921
20,131,2,3,1.6760501619736707
21,125,12,0,-0.9356955924972443
22,179,9,0,-7.186686494423078
23,72,5,1,-3.312868723115511
24,150,22,4,4.037580147869517
25,82,15,3,2.0004503596413477
26,85,22,1,-4.666965259200454
27,37,17,3,1.062068722732386
28,4,13,4,2.16503750019433
29,187,19,4,-4.136858512588282
30,100,6,1,-4.135242798130685
31,77,16,3,-1.7126952771979513
32,26,11,4,-3.661510600915697
33,197,22,1,-0.6665100202906872
34,107,2,1,-11.229640741682898
35,90,22,1,-8.945287891665023
36,18,1,2,-2.7599457052256184
37,193,21,2,4.751322576687514
38,30,23,2,-3.5397640279994187
39,39,18,1,5.554441744390107
40,125,5,0,0.3883581412903172
41,53,7,4,11.803274713131318
42,174,16,0,-3.6672235371245376
43,16,2,0,-3.8332771766602063
44,131,5,3,5.631126694578091
45,116,14,3,0.7361610597437903
46,56,16,2,-7.234050815427479
47,154,23,0,-4.5798624046960885
48,7,21,0,-3.6509834711979625
49,33,24,4,3.3558099091520495
50,161,15,0,-0.08630197565104236
51,188,2,1,-1.1636392929430728
52,121,10,1,-0.16025673619506875
53,91,10,0,-3.631904588079223
54,151,17,4,2.9208143774661517
55,82,21,3,0.5801334303668408
56,92,21,4,-5.852027159183142
57,25,20,3,-4.500114136949537
58,87,22,4,-7.487274776529495
59,109,2,4,-3.900023261928325
60,105,6,0,3.8818165943287397
61,190,20,0,-0.25654112803194773
62,130,24,4,1.4097550357599775
63,25,5,3,-4.126179491272797
64,2,11,4,-2.5529185484954646
65,3,20,1,-2.1752141183538587
66,81,13,0,2.041782691484908
67,118,6,1,3.936601759302544
68,157,23,3,-5.115960765215562
69,89,10,1,-4.666555168865716
70,2,14,4,0.6303359373385187
71,160,21,4,-0.8521599148596718
72,76,23,2,-3.8935276643361836
73,29,0,4,1.1579858570590977
74,91,23,0,-1.6727227871459802
75,179,16,0,-4.814005082263969
76,141,17,4,0.8934780945318104
77,4,17,4,6.331880597633341
78,120,14,4,-2.583820390479718
79,174,7,0,-0.06165473567581625
80,83,4,0,-2.7656070450686396
81,103,15,4,-7.02823023294812
82,98,12,1,-0.15187864496667713
83,13,22,2,-4.401384646511546
84,134,24,1,2.0059460854081745
85,154,6,0,1.4645823758207641
86,32,15,2,-4.788073514275441
87,47,5,0,3.847490879747199
88,10,24,2,-7.563177608664933
89,160,9,4,5.034944322740361
90,142,15,0,6.090590697995103
91,74,18,2,-8.027813496992616
92,27,12,0,-1.6128526685084794
93,62,16,0,-4.628800442942575
94,101,6,2,5.463080205156309
95,87,24,4,-0.6871510154056724
96,178,3,1,-4.610158087274486
97,195,15,1,8.442031098707174
98,147,16,4,-6.7328077044698595
99,88,11,4,-4.36870317669867
100,160,1,4,2.838204273085722
101,67,2,0,0.2912080729985578
102,159,10,4,-6.2496658077763785
103,64,8,0,-9.2139633146667
104,96,12,4,-0.32227492512801753
105,65,23,1,3.8086909345616973
106,57,3,0,-1.8677921533538069
107,55,24,0,2.3497230357658077
108,39,8,1,5.127071311475088
109,34,23,4,1.6515964825263039
110,43,21,4,-9.198485852637727
111,52,21,2,4.700196722336656
112,34,3,4,-1.303628639213956
113,162,17,0,2.891138441729833
114,69,4,4,2.0688091989598956
115,82,4,3,-4.2111381773024545
116,111,19,1,-3.5171566033882664
117,35,10,2,-9.23843528240916
118,170,24,4,-4.738587887578387
119,53,18,4,5.01717272920525
120,43,12,4,-5.645722330904911
121,173,23,4,-3.6729277295309135
122,198,13,2,-1.0805486861596862
123,126,3,3,1.3772054437285672
124,2,5,4,-0.9068696828992788
125,105,14,0,1.1814733099556407
126,48,2,3,-1.2125361016953746
127,122,10,3,3.440169512823717
128,82,3,3,-0.8101566948637695
129,156,7,4,2.4769019129973433
130,13,3,2,-2.751667675562927
131,117,15,3,-4.611321411261102
132,13,4,2,2.3947377974833377
133,113,11,1,-10.33368720033542
134,141,19,4,0.017292996478634692
135,19,11,0,2.3725069475259803
136,14,16,4,-8.046708124794772
137,181,13,1,-5.217987716782749
138,29,24,4,3.477884352439104
139,58,4,4,6.254354601834005
140,80,2,4,3.7962087348772413
141,46,9,1,-5.6187721297613
142,104,0,2,-10.305709385607024
143,57,22,0,-2.8585346705860033
144,43,9,4,-7.938312323770631
145,166,14,4,2.113396046890263
146,124,14,4,-5.69543737230889
147,83,3,0,-0.7658499100449823
148,198,20,2,-1.5228614899423216
149,52,10,2,-1.7637102493281207
150,145,1,0,2.652270450718941
151,71,1,2,0.15834761217713167
152,50,6,0,0.3059586890923397
153,77,17,3,1.2629596595517714
154,105,8,0,-0.786923252736906
155,178,5,1,0.07136096895942973
156,88,6,4,1.8346223051040642
157,137,18,1,-0.4792522735704876
158,190,16,0,-4.056614833130727
159,64,0,0,-8.506552331951422
160,34,17,4,7.8065098446672625
161,139,18,1,-1.1357267360855554
162,190,9,0,-5.337314384163924
163,22,8,2,-2.9338773135623746
164,57,12,0,-1.2860473466117952
165,44,10,4,-2.5804085619918355
166,60,9,1,1.7203174445731442
167,169,18,4,1.4533694828740051
168,25,22,3,2.638215396373173
169,140,8,3,-4.660347622786624
170,75,20,1,5.362449804609406
171,182,13,0,-2.4285809432531256
172,78,0,0,-6.321624835948513
173,117,9,3,-7.845918492634815
174,112,18,4,0.9952661563380563
175,25,2,3,-7.224474506393397
176,97,8,3,1.0342433698129203
177,153,16,4,-5.348567365257306
178,148,1,3,-1.5002796341054943
179,14,6,4,-7.130630288142873
180,148,2,3,-4.75826281349054
181,104,22,2,-9.703045113150853
182,96,5,4,1.9467194112353234
183,178,14,1,3.676178690840437
184,196,20,3,2.8162552954025895
185,46,13,1,1.4814723956083546
186,1,6,0,-0.012691455821224551
187,135,6,4,-5.476073593132442
188,152,21,4,-3.8622377116332256
189,87,20,4,0.9158793543900519
190,117,20,3,-1.842838986421504
191,61,0,1,-3.5626629777817556
192,97,14,3,-1.043594571110963
193,28,3,0,-7.196041290807625
194,47,12,0,-1.831546597658953
195,55,19,0,2.3323071323262936
196,112,17,4,7.132872085109737
197,38,10,4,-9.98429572233154
198,116,11,3,-0.32985017100607356
199,182,7,0,-3.9435889942819102
200,65,10,1,3.6279278240709236
201,165,14,3,1.0521039490952084
202,69,2,4,-0.8977886281097711
203,155,2,2,-9.80875379549131
204,176,21,4,-2.22614725553097
205,66,9,1,0.05746596383330316
206,157,7,3,-3.5488381106098226
207,156,3,4,-3.508231559838492
208,75,22,1,-0.4102490090398531
209,49,24,0,2.6332842164170867
210,33,5,4,-0.5038321733504699
211,1,18,0,-4.788946263885066
212,101,13,2,-2.408502562956321
213,10,17,2,-7.72358722795664
214,151,11,4,-5.40298737666093
215,4,8,4,0.6575579519871797
216,154,13,0,5.573001771294065
217,132,13,3,4.926427483326236
218,41,6,4,-0.6597568386308372
219,21,24,1,-1.9654302277555562
220,28,19,0,-1.7930998303805887
221,14,10,4,-14.414512669536634
222,195,23,1,3.3197790860845924
223,178,16,1,-0.05496177428331894
224,108,5,1,-0.03457405272955205
225,124,1,4,-5.62875735780487
226,65,8,1,5.438697469760852
227,8,5,4,-5.006186696121176
228,99,22,1,-7.482028067282463
229,157,0,3,-6.868885191749465
230,73,23,1,-6.596061755942198
231,167,3,2,-7.124542541789975
232,4,1,4,4.5920647359132705
233,0,5,0,-2.617964284826189
234,166,0,4,-3.4227691021502604
235,41,6,4,0.9455868963392297
236,82,23,3,1.42872540335105
237,113,13,1,-5.876846910055885
238,27,15,0,2.541564878865497
239,155,8,2,-5.127654884243341
240,139,10,1,-0.7999924503525491
241,12,24,2,-9.94002630654924
242,55,18,0,-0.8853955716690476
243,154,20,0,1.7101324782766678
244,24,8,1,2.9855791325454257
245,84,13,2,-1.1690300594387462
246,41,22,4,0.19967780476127683
247,19,11,0,1.9015562978996998
248,51,23,4,-5.835150986775144
249,180,0,1,-10.94949737296697
250,27,3,0,-3.2952316032992006
251,152,23,4,0.1311548327850398
252,38,15,4,-0.8470295307494369
253,187,9,4,-5.842955527799535
254,127,11,4,-7.102875546842776
255,118,24,1,5.927204217510599
256,129,15,1,3.937430636646085
257,162,17,0,2.139393034623344
258,33,13,4,-0.3032769006474072
259,22,14,2,-4.683167705338176
260,36,23,4,-1.509293555424634
261,145,6,0,4.504826816172222
262,112,1,4,2.7954848865277904
263,18,16,2,-5.401483317384656
264,93,4,2,-8.707183766366754
265,12,4,2,-8.732054504009035
266,57,1,0,3.470185682640362
267,1,10,0,-10.7562359356673
268,36,20,4,-0.3479041748682479
269,43,20,4,-6.242877784184225
270,146,16,3,3.472152006619249
271,52,22,2,-2.7610898989237125
272,90,9,1,-6.937536148510165
273,113,9,1,-7.535377852225053
274,58,16,4,7.701285194539166
275,92,9,4,-1.696457036481228
276,23,14,0,-1.7956138390490335
277,36,5,4,-3.9239871290764854
278,150,0,4,1.9062984841304178
279,45,4,0,0.6866125361934803
280,3,0,1,-5.326694603962317
281,12,3,2,-15.64499430895065
282,125,9,0,-1.786830420414954
283,1,10,0,-8.358745160468555
284,144,9,1,5.434127194387368
285,57,23,0,-1.8139382788880631
286,53,17,4,11.981813515166772
287,107,4,1,-8.000094594090921
288,49,20,0,3.5648633536166767
289,149,7,2,2.414542623522623
290,152,12,4,-3.8161326309415196
291,78,10,0,-6.848551580625464
292,95,17,4,8.771008878760458
293,112,19,4,-1.7182520454991528
294,197,7,1,2.8962605450180723
295,168,15,4,3.0546629658490665
296,16,4,0,-11.193759079255088
297,73,21,1,-10.74291291349029
298,53,8,4,3.604418200872779
299,120,22,4,1.6578794137530695
300,193,23,2,-4.005357953110466
301,133,16,1,-0.8244261172795986
302,3,22,1,-1.1232077019179751
303,80,4,4,5.772569075507266
304,121,5,1,2.5794822803488535
305,42,10,4,-0.05468275087191676
306,168,18,4,-1.658114459078229
307,57,6,0,1.1338997380736853
308,197,13,1,1.8938097917424634
309,43,2,4,-4.741919920076853
310,21,20,1,-3.809100835976266
311,123,8,0,0.6230791576197676
312,156,17,4,5.16023797793196
313,112,3,4,-4.188226696295337
314,59,16,1,3.9497976317678183
315,40,19,0,-6.037081454679956
316,45,10,0,0.5856055141868898
317,54,12,3,-2.1229709100175773
318,32,1,2,-11.564146115649681
319,39,6,1,2.810260546891055
320,189,7,4,4.763353759212737
321,5,8,1,0.3996462582092919
322,0,24,0,-0.7129349290867175
323,38,16,4,-3.810395453017183
324,95,8,4,2.011394596384937
325,81,15,0,6.2021570095714775
326,197,15,1,7.520915018153881
327,20,20,3,0.341030854756609
328,5,15,1,3.265167279467829
329,101,16,2,-2.076936577005512
330,48,8,3,-2.362838532147716
331,77,7,3,5.662154236218871
332,159,23,4,-2.2131338730588377
333,125,24,0,-1.1482212165186816
334,84,22,2,-5.425423385280992
335,91,22,0,-1.8192255064288891
336,85,6,1,-2.6524682158575192
337,60,9,1,-0.9553940952052477
338,115,8,4,-2.570959499765947
339,6,15,4,3.184200947550255
340,74,6,2,-0.7790984053272423
341,167,13,2,-5.887146294914922
342,34,23,4,2.460107582037334
343,37,10,3,-3.9070719494284205
344,37,2,3,-2.8340192348454964
345,126,8,3,2.9384897445162306
346,118,16,1,7.9634461231133695
347,182,4,0,-12.247250384195393
348,189,14,4,0.55074338466908
349,17,21,4,-11.814721657319335
350,191,15,2,2.232376880090242
351,164,17,4,2.973498167895121
352,155,24,2,-3.837005590427919
353,117,3,3,-6.637796431709203
354,37,17,3,0.9061963173420184
355,15,10,4,-3.0891854740186107
356,116,9,3,0.6179124817959942
357,124,20,4,-6.818112658858064
358,14,20,4,-3.2811261790577517
359,59,22,1,6.44954848507593
360,124,0,4,-5.7590775266325185
361,14,13,4,-10.328860685461818
362,2,22,4,-0.282635405716719
363,108,2,1,-1.7638891392576048
364,178,2,1,-0.5976410922186401
365,179,3,0,-8.556080730518048
366,139,16,1,3.34364603637516
367,101,1,2,-4.658931713123989
368,144,1,1,1.2332262035076198
369,110,12,4,-6.147226418445195
370,68,22,2,-2.1480388792612324
371,109,10,4,-6.863374629874693
372,132,1,3,6.138526514441553
373,141,19,4,2.5520170942553237
374,34,3,4,-1.87209510397261
375,161,4,0,-5.580228366747722
376,172,23,0,-2.5052144257575293
377,188,15,1,5.787614874997034
378,109,12,4,-8.51246157374791
379,13,19,2,-2.977529734851401
380,199,23,1,10.209214617118029
381,19,10,0,-1.6771860756726598
382,41,21,4,-3.6854955186887803
383,181,9,1,-6.91996124280047
384,71,22,2,-4.311988851967623
385,39,1,1,2.854536701488396
386,160,9,4,0.906977776949784
387,27,22,0,-5.3672812094446956
388,112,9,4,-5.055978345783597
389,52,8,2,0.7434527379381412
390,178,7,1,0.6952976340020409
391,54,7,3,4.72115872266564
392,73,12,1,-7.120781440289212
393,95,13,4,1.5561305468326314
394,131,7,3,1.327811558209357
395,167,12,2,-9.09191396669956
396,186,2,0,-1.287426902890047
397,7,10,0,-7.069391604871309
398,181,13,1,-3.192474282058677
399,160,13,4,4.098367606517335
400,142,14,0,-3.8602535523656023
401,161,19,0,-2.6095668572053166
402,186,17,0,5.841379991284281
403,187,4,4,-1.0772156814128748
404,110,2,4,1.0123565009552657
405,9,4,4,2.118427058595053
406,38,20,4,2.1648556292476835
407,199,20,1,9.07975937220144
408,71,1,2,3.4851293519212714
409,110,1,4,3.6232115902024833
410,126,2,3,4.051245703529403
411,110,4,4,1.6553022785729496
412,170,5,4,-5.251628633644687
413,132,15,3,0.8948271770669085
414,37,1,3,-3.3238768072275886
415,53,12,4,3.7259533301300154
416,128,4,1,0.9857377815218407
417,9,9,4,-1.9255573214619728
418,69,1,4,4.150074355733221
419,180,7,1,-7.027906291010758
420,124,12,4,-10.966057204522977
421,73,7,1,2.0372398764328095
422,155,4,2,-3.215044986635941
423,80,20,4,5.900955195086228
424,158,4,0,-12.51877568692139
425,153,12,4,-4.535813752509294
426,125,2,0,2.0459754021259964
427,98,19,1,1.1095137399548243
428,104,11,2,-7.966614986398943
429,108,19,1,3.8007886316079844
430,121,12,1,-0.26783117560183123
431,72,2,1,-3.0825233701165757
432,56,10,2,-4.987449590834588
433,135,10,4,-7.260194392644267
434,102,1,4,0.8813067541776467
435,1,19,0,-0.8787566985505593
436,58,16,4,2.576996730581017
437,52,13,2,-0.3784032716483491
438,21,20,1,-3.9192518064261472
439,33,19,4,0.5760345793523107
440,0,13,0,1.814656495792524
441,183,1,3,-1.97756562034256
442,76,19,2,-0.16853046152346807
443,21,7,1,1.1563171252712134
444,69,12,4,-6.6973887843968205
445,36,18,4,-1.3817664183316938
446,134,14,1,3.052288745539176
447,138,0,3,-5.3535307745642475
448,43,12,4,-10.762564121595718
449,8,16,4,1.2503968581619134
450,141,11,4,-2.585757880077172
451,19,19,0,8.210342020705074
452,8,5,4,1.2994581630953408
453,6,3,4,1.7674527086433693
454,138,10,3,-3.596438783176277
455,18,11,2,-3.6899943475761368
456,185,24,4,0.5891105803732479
457,158,12,0,-10.41316836390322
458,153,9,4,-5.424188959187236
459,162,21,0,-2.6296326919635336
460,115,16,4,-2.8084988496915284
461,136,21,4,-0.2207787761794956
462,79,8,3,-4.431665892275987
463,187,24,4,-7.2721560890843
464,137,10,1,0.7330749891488423
465,167,4,2,-7.522366972021878
466,51,2,4,-3.0755648226900734
467,87,16,4,-0.8945198076022067
468,64,14,0,-6.966960826250248
469,193,13,2,-2.227496721043127
470,198,0,2,-9.367184022415406
471,66,0,1,-0.11728519631762274
472,117,7,3,-2.5775698462174725
473,5,4,1,-3.0449928558650097
474,195,16,1,4.3649883465734325
475,133,24,1,-2.6084784014168427
476,8,9,4,-1.1851492131955312
477,146,13,3,-1.2796529641924916
478,41,17,4,2.6911484428091246
479,90,13,1,-1.996076448155595
480,187,16,4,-1.158910307150323
481,155,23,2,-5.362864153135608
482,181,23,1,-8.011769479687908
483,187,5,4,-10.579884388549509
484,113,9,1,-7.930284107444275
485,143,23,3,0.1950315701405807
486,107,17,1,0.6204000009983851
487,164,13,4,0.03037636822090195
488,0,21,0,-5.460188155787245
489,149,13,2,-0.8540780157664962
490,24,23,1,-2.936940926891844
491,170,3,4,-6.686520605956959
492,52,5,2,4.988840037978385
493,95,15,4,2.277806180661086
494,150,5,4,-1.9790225196650741
495,16,21,0,-3.792305226354065
496,140,14,3,-1.401154883450043
497,125,12,0,-3.2998827985447985
498,174,3,0,-6.324388883559635
499,73,13,1,-8.39168805085937
500,128,12,1,-3.0159340260440666
501,115,15,4,-1.1444689237285832
502,73,21,1,-7.170479876065434
503,122,14,3,3.2898693886583046
504,52,15,2,0.8210688276130889
505,105,20,0,6.139558604521298
506,145,14,0,0.30760119476407954
507,43,6,4,-6.051934545136877
508,39,4,1,2.6619013698445624
509,57,22,0,-0.7153347845405236
510,99,5,1,-7.462240921444292
511,6,6,4,6.194104846554266
512,36,3,4,-5.4842278723790425
513,33,8,4,5.53005048383327
514,60,1,1,-0.6311420132943985
515,45,18,0,4.0560332511054975
516,56,13,2,-2.834371141758097
517,173,22,4,-3.3702956977043046
518,65,0,1,-2.2221011247579656
519,92,15,4,-3.038199358391538
520,147,20,4,-4.070478535824868
521,195,24,1,8.647487263927108
522,87,5,4,-6.576196552097546
523,193,21,2,5.3211730912175
524,190,3,0,-4.84550547043375
525,24,23,1,-0.09309323151629667
526,59,3,1,-2.7757700751604686
527,58,20,4,5.359175784067849
528,180,24,1,-6.492866722737227
529,181,6,1,-9.193786349854461
530,193,21,2,4.245643230834617
531,109,17,4,-4.043719124958251
532,174,3,0,-10.544428124318713
533,118,5,1,3.6848875932760587
534,93,8,2,-7.478692242573578
535,16,12,0,-8.562552888210861
536,100,1,1,-6.210357467309206
537,25,24,3,2.681268431633764
538,187,5,4,-7.1221078817524
539,22,3,2,-2.6175151849772136
540,127,21,4,-6.771862351089677
541,2,19,4,-0.7829875335118773
542,115,0,4,-6.918798405741368
543,62,10,0,-8.102898039530869
544,160,16,4,6.460062989653928
545,175,11,3,-3.478322230044154
546,92,24,4,-2.4520626607131186
547,190,5,0,-2.7854232023469816
548,49,3,0,-3.2060109220298805
549,152,7,4,4.172932232803904
550,196,3,3,-6.319101756105141
551,99,5,1,-6.600625771150525
552,85,0,1,-3.9088011266368268
553,39,9,1,5.195516661639116
554,2,20,4,1.3733816575372497
555,137,8,1,9.541502422001575
556,111,2,1,-6.991866311390306
557,115,4,4,-2.1547612323949252
558,54,2,3,7.30010217515566
559,164,13,4,0.4998031520408497
560,67,6,0,5.672742906139275
561,52,5,2,1.9721337038308433
562,57,16,0,3.295099252945416
563,131,24,3,4.01651954262114
564,66,8,1,8.502471467563538
565,136,5,4,-2.0792458944674777
566,90,24,1,-1.6026167676751877
567,126,9,3,2.12357568719454
568,98,24,1,2.7261707797963672
569,142,21,0,3.5005346128025527
570,173,11,4,-10.657651964247394
571,93,5,2,-2.003756752660673
572,59,7,1,5.903345677951449
573,136,7,4,1.305622002677751
574,182,12,0,-7.330333974883664
575,117,14,3,-6.441726635915946
576,189,16,4,0.755490711422776
577,189,6,4,-1.716881725042804
578,160,19,4,3.370428675667205
579,145,21,0,1.2617361183459606
580,72,14,1,1.9310344763142449
581,131,3,3,-3.4048220453443987
582,53,15,4,5.549809256346177
583,29,18,4,3.4396245255988487
584,166,20,4,1.268687407263758
585,78,13,0,1.2357112775807337
586,7,14,0,-3.3658831535104223
587,88,1,4,-0.3588475813700067
588,81,8,0,-3.7667665047551617
589,42,21,4,3.441571137127766
590,173,7,4,-1.453411953906537
591,181,6,1,-3.199925546282569
592,177,16,3,2.3805425370858586
593,73,5,1,-6.703217380166729
594,28,21,0,-1.5514040411830727
595,60,23,1,-0.1722704961441872
596,90,15,1,0.4111086568293907
597,0,19,0,-3.66280725087286
598,88,1,4,0.7431102194967688
599,93,18,2,-10.81539012209475
600,49,21,0,0.5936274862762211
601,53,0,4,4.656311229366866
602,110,4,4,1.5239353946239618
603,164,11,4,-4.838181007037112
604,82,3,3,-3.2264142345574913
605,15,23,4,0.3694787672859392
606,156,4,4,-0.09237180432919653
607,179,11,0,-7.076888157768346
608,104,15,2,-1.3495831553461213
609,73,20,1,-4.379219754371449
610,56,16,2,-8.712705493003783
611,150,21,4,-3.7037632679574
612,99,2,1,-10.256018634248296
613,81,21,0,-0.052134280420630175
614,60,3,1,1.4428448172333246
615,114,24,4,-1.1570581180413742
616,70,14,1,2.4994575066783797
617,11,20,2,-3.2681476078137743
618,6,7,4,11.26413628390791
619,78,9,0,-1.6048825356648408
620,10,18,2,-11.706833151418042
621,151,21,4,-6.14374357267846
622,188,7,1,5.042026243027764
623,50,16,0,-0.621183392850795
624,150,7,4,6.157680484391404
625,128,8,1,3.3504517293028546
626,125,24,0,3.9319180932614053
627,63,6,3,0.5827640256770295
628,1,11,0,-6.3872249263498215
629,156,2,4,0.7477613735434003
630,67,14,0,2.7550021644238627
631,104,23,2,-6.28711764478343
632,151,16,4,-2.7154539760805227
633,176,20,4,0.17036561280529758
634,50,16,0,-4.159691091524267
635,74,5,2,0.2140628960061539
636,150,23,4,-0.009958477145167954
637,146,10,3,2.102579285320245
638,79,19,3,-4.429049556104993
639,177,15,3,3.705344832763666
640,194,11,4,-7.328834217705815
641,170,13,4,-6.709389393602644
642,144,3,1,1.6842629775389786
643,29,15,4,3.3209929640509115
644,92,12,4,-6.628702564097301
645,43,4,4,-5.699866756863277
646,36,14,4,-1.5812161146450519
647,123,3,0,-3.572218585575502
648,114,23,4,2.006347477499691
649,110,7,4,6.616226853327916
650,193,14,2,-3.2479225830979996
651,113,20,1,-4.909325404737732
652,160,17,4,7.912110761897335
653,7,2,0,-0.7761373610022293
654,96,9,4,-1.1413399069029788
655,0,9,0,-8.636649732823447
656,116,5,3,4.288288667083948
657,142,4,0,-3.958396253697213
658,128,23,1,-3.652426410803492
659,54,8,3,1.126254359530328
660,27,18,0,-0.7823363005956726
661,33,5,4,0.3138372385165664
662,118,0,1,0.6666295988456696
663,58,11,4,-1.4086707257815045
664,177,12,3,-1.8914872060413728
665,164,2,4,0.47649538285332693
666,70,20,1,1.0751811812755872
667,138,23,3,-5.707658368597722
668,136,4,4,3.6262167904449365
669,160,16,4,4.368816357572795
670,193,6,2,3.90364622296445
671,8,18,4,3.2090817839695487
672,75,19,1,3.58633516205194
673,21,8,1,-0.983126396158486
674,173,9,4,-7.130454731122425
675,147,12,4,-7.80552157238073
676,153,20,4,-1.565700536241772
677,117,3,3,-9.529929045519577
678,138,23,3,-3.5591456889075017
679,183,11,3,-10.093142901279835
680,181,3,1,-10.060248539750472
681,151,3,4,-4.867827822510895
682,186,8,0,-1.1863110743312173
683,116,0,3,-0.6616027746172516
684,194,21,4,-5.942016527345481
685,138,13,3,-3.8161374070647556
686,77,7,3,2.9188071261807407
687,77,16,3,-2.1345811136934296
688,171,18,1,-4.177904141713769
689,132,22,3,6.936640343725938
690,39,12,1,1.5710829420870138
691,184,7,3,2.761713671994556
692,91,12,0,-0.5411882580057249
693,102,4,4,3.994719331968415
694,180,16,1,-5.768403849200411
695,135,21,4,-5.476569284954886
696,54,12,3,-1.0554822674131434
697,49,22,0,-4.283170436295705
698,156,24,4,-2.5476101571995797
699,190,11,0,-4.757806580892397
700,16,22,0,-8.558009655066375
701,97,1,3,-0.2137843051625825
702,59,6,1,6.464345587590546
703,149,2,2,-2.994593083725591
704,160,9,4,3.4714437192398258
705,1,5,0,-3.859714874227964
706,83,23,0,1.798843668327885
707,196,7,3,-2.1013009572305563
708,173,22,4,-5.154149813248564
709,92,14,4,-1.4414071237409312
710,70,23,1,0.8820247870683295
711,3,15,1,5.848840884840907
712,32,1,2,-8.92349403876418
713,65,18,1,2.706773118013685
714,179,14,0,-4.362777984628133
715,116,0,3,2.935353860436452
716,180,8,1,-3.8712550096391904
717,15,0,4,0.20068071102720242
718,89,3,1,-2.709154869111199
719,24,11,1,-2.56505433501769
720,25,10,3,-0.8963934714738651
721,36,1,4,-1.1991331406847179
722,177,2,3,2.504945470132384
723,44,16,4,-0.29577323535664063
724,166,20,4,2.5044584912901433
725,12,10,2,-13.295743684672477
726,28,13,0,1.2741429162986326
727,159,12,4,-5.097959845039833
728,47,10,0,-1.2598009925378661
729,198,21,2,2.483859293195146
730,98,6,1,4.605275032342989
731,118,8,1,8.79059141181966
732,38,5,4,-5.885247149310079
733,144,11,1,-0.28255070712306685
734,83,17,0,10.074761159845728
735,176,20,4,1.772236412033336
736,191,6,2,2.0422498586246283
737,19,4,0,2.4233196738730136
738,1,10,0,-5.217589294112606
739,85,2,1,-4.967492973963466
740,142,14,0,-2.0686076632478
741,35,9,2,-6.735291226433681
742,168,14,4,2.743600758976422
743,38,23,4,-5.766647222006919
744,191,1,2,-5.749069054500148
745,50,20,0,-2.365608035166318
746,179,4,0,-8.996536866669043
747,15,9,4,2.6916131628471733
748,114,19,4,0.5371278634025434
749,141,18,4,-2.192151475946686
750,74,7,2,-5.2329188783583716
751,173,14,4,-3.999315725737216
752,36,21,4,-5.8463213244326475
753,157,5,3,-1.0311278872727527
754,103,23,4,-4.798604759412148
755,64,12,0,-2.6502322986137985
756,45,1,0,8.874902693560415
757,116,1,3,3.2935937738783405
758,37,19,3,-3.281266644048129
759,147,22,4,-7.3995062705497645
760,42,0,4,0.7386842960112718
761,144,21,1,-0.32548139006565024
762,92,8,4,-1.847767124779684
763,38,3,4,-9.868612516229678
764,65,5,1,3.2940658108560514
765,113,23,1,-7.778615071526823
766,191,23,2,-3.8648074298216955
767,40,10,0,-14.882949147161359
768,25,6,3,-1.9951791910867303
769,131,1,3,2.3622594956635874
770,190,24,0,-2.7450924650957194
771,146,7,3,3.139228488370844
772,63,0,3,-7.557644986676089
773,144,7,1,8.048454682154624
774,95,13,4,-2.318559140245468
775,161,19,0,0.21273142226666575
776,163,16,0,3.164687924484559
777,45,4,0,4.3149976942349095
778,150,14,4,1.089367088519762
779,121,9,1,-0.20951179505728323
780,145,15,0,9.086072700913487
781,75,15,1,4.906188837903194
782,112,23,4,0.1669808832725561
783,19,19,0,4.51023049615438
784,175,2,3,1.8714343094427734
785,116,18,3,-0.2002267882259544
786,70,12,1,-2.9933925659722433
787,77,17,3,1.1836111027643357
788,74,24,2,-2.7997436531287945
789,33,17,4,7.3865535187281415
790,172,21,0,-1.0491108124398305
791,10,12,2,-11.302852160747818
792,79,7,3,-0.7895518992628442
793,174,22,0,-3.2587109917264945
794,70,17,1,9.78089954203847
795,91,10,0,-3.3844905222283956
796,198,1,2,-6.102716667766004
797,175,3,3,-1.8923761618221682
798,94,18,1,-1.5121221841288957
799,77,19,3,0.7317560209772476
800,19,19,0,5.366965153597411
801,62,20,0,-1.9935486715832376
802,115,8,4,-1.3652985387612
803,34,3,4,-1.294603196615611
804,94,22,1,-0.4347458423740011
805,10,10,2,-9.23911746490177
806,151,8,4,-1.6395999235076903
807,65,15,1,9.73071416239882
808,43,15,4,-9.186050417313556
809,185,19,4,0.6282269257450219
810,21,0,1,-5.317301531349621
811,18,1,2,-5.158311623710293
812,107,17,1,1.5212037757574668
813,72,10,1,-3.38213657350342
814,197,6,1,2.1282328446620826
815,114,8,4,2.0197098509316316
816,90,7,1,1.723466723908893
817,175,7,3,5.142361169966178
818,61,10,1,-1.5172688729495996
819,9,4,4,-0.8171448590974644
820,189,15,4,2.099435683770926
821,8,7,4,3.397062555985241
822,46,5,1,-0.025110773375447648
823,22,8,2,-1.6698329287414226
824,26,10,4,-3.650736050378762
825,135,10,4,-7.477642318334404
826,120,23,4,-0.8380587175189358
827,121,2,1,-2.609910293675979
828,129,2,1,-4.585662872063801
829,168,1,4,5.146015933928773
830,171,2,1,-6.109890450487514
831,117,8,3,-0.7532240172964073
832,129,10,1,0.16103807135296044
833,22,9,2,-2.0245428021064837
834,183,7,3,-2.9933063307380117
835,142,12,0,-1.5572702835314542
836,175,7,3,0.1513493590672601
837,40,11,0,-12.507561157551264
838,187,2,4,-5.173432553893155
839,75,4,1,2.4590667486427127
840,134,13,1,-1.313822197831567
841,41,17,4,3.3768313807650907
842,81,17,0,2.866875140422119
843,140,4,3,-2.5072245276836402
844,121,6,1,-3.0631808695348854
845,131,24,3,2.467485621326423
846,67,19,0,6.446296247670126
847,104,2,2,-9.00186812318277
848,154,17,0,1.0814530643364373
849,176,8,4,0.051433687707785225
850,161,12,0,-4.236484155941198
851,110,2,4,-0.1144498910047762
852,179,6,0,-5.146221040192651
853,45,22,0,-0.2690733087693713
854,92,7,4,1.7362438761820014
855,108,2,1,-0.6384197458365761
856,98,19,1,4.420870059838318
857,9,20,4,-0.06794803548888995
858,96,11,4,-1.0090524921226969
859,150,19,4,2.5661753023615317
860,92,12,4,-8.242995997954058
861,82,19,3,3.1743592988484406
862,137,24,1,4.920810449275527
863,174,19,0,1.104208154024112
864,126,22,3,1.4139880013405675
865,156,17,4,5.072236342635141
866,191,23,2,-2.971376171674199
867,77,20,3,-0.11411930470162579
868,66,21,1,-4.468833747919875
869,80,4,4,6.7469765035212586
870,15,19,4,-1.6472935452232356
871,154,13,0,6.469074168672146
872,18,19,2,5.3564018152153166
873,52,22,2,-0.7537967569492197
874,152,12,4,-6.374021974042158
875,74,23,2,-5.871568556550575
876,146,6,3,2.4989979732643635
877,82,14,3,0.5323583697579234
878,192,11,4,-2.786228685449778
879,105,14,0,2.065339958711911
880,17,14,4,-1.1113153760308006
881,124,4,4,-1.848672737580351
882,116,9,3,-0.6509798807554352
883,104,22,2,-5.016194816163276
884,86,5,4,-3.3292136283640086
885,148,3,3,-6.443906017061407
886,10,2,2,-11.367862467249319
887,173,18,4,-4.533186081744073
888,55,8,0,-2.1458511012395363
889,133,8,1,-0.10089857496745047
890,119,21,4,-5.799892301700003
891,100,13,1,-0.5591291011009416
892,135,11,4,-7.076427073459605
893,86,3,4,-5.0467224445572665
894,139,18,1,0.6954710707172045
895,74,1,2,-9.860648139068816
896,158,14,0,-9.934087709720192
897,122,12,3,0.11276863446713326
898,11,1,2,-8.171028852053201
899,109,23,4,-6.322659352840027
900,146,11,3,-1.1809223009485852
901,98,17,1,9.731204563113478
902,140,12,3,-4.306705143476487
903,157,4,3,-6.624788563175898
904,157,13,3,-3.5549863342390156
905,18,24,2,1.7518460993851415
906,170,7,4,-1.355320260634083
907,130,20,4,6.730325458811585
908,199,2,1,6.2448607868733
909,83,9,0,-0.6836736243332031
910,54,8,3,-2.8258650880304534
911,18,21,2,6.673661138954144
912,125,20,0,5.577937643511044
913,194,15,4,-3.5463891810508286
914,165,0,3,-4.319359440983057
915,146,8,3,2.560301332608492
916,11,2,2,-2.2581627565030713
917,176,10,4,-6.106235820871311
918,70,21,1,-7.367850812857178
919,187,0,4,-4.808910765019583
920,189,6,4,0.49781808594382015
921,54,12,3,-0.015553574766792533
922,131,21,3,-1.312781807532481
923,95,6,4,2.6120168099089343
924,77,0,3,1.2805553312161297
925,153,21,4,-6.029738077995421
926,68,14,2,-0.9600531257274154
927,55,12,0,-7.089334231679035
928,87,23,4,-5.633664991335073
929,33,7,4,5.804860411750611
930,193,23,2,2.725889118117145
931,95,15,4,3.765948491293536
932,145,24,0,5.075338174794821
933,166,4,4,2.152223484519308
934,176,11,4,-4.159733490002274
935,194,19,4,-5.639333808539927
936,64,15,0,2.2506006115364023
937,57,18,0,-2.133870104857041
938,25,23,3,-3.753151920412289
939,184,5,3,-0.9884518572969125
940,123,11,0,-1.6508716537743557
941,29,5,4,0.2358912842481234
942,73,4,1,-4.241806475350149
943,199,21,1,7.261146203878541
944,35,0,2,-14.549138314517329
945,169,23,4,-4.20806005036192
946,53,16,4,6.855675452365215
947,16,21,0,-5.651244668090117
948,81,19,0,3.6215587349161305
949,7,1,0,-2.0819015464542407
950,155,14,2,-6.676672482715676
951,195,7,1,5.334734148631243
952,113,21,1,-11.445175504141185
953,90,2,1,-4.780095375720576
954,56,17,2,0.3101649565515836
955,178,24,1,2.3066139300363133
956,152,17,4,3.7786088686692447
957,98,2,1,-1.4476520978990628
958,159,4,4,0.7248144968204808
959,144,2,1,2.505456763929777
960,149,10,2,-0.8049017573549613
961,180,11,1,-11.909744946348768
962,102,14,4,1.7182577848333285
963,167,16,2,-8.971785624746444
964,115,15,4,-2.113427579922467
965,117,1,3,-3.8078383857569564
966,197,10,1,0.38941403268870467
967,34,21,4,-0.471798717132747
968,64,16,0,-3.635328059129435
969,55,21,0,4.01084336046889
970,41,16,4,-1.9585853573359056
971,102,17,4,7.252948824138159
972,153,2,4,0.3819805316239946
973,164,24,4,-1.1054820433533976
974,149,22,2,-3.9903777786233956
975,29,4,4,2.5909739614508602
976,71,20,2,3.2394413154651267
977,115,2,4,-2.342372759467599
978,156,5,4,-5.191025484940998
979,196,13,3,-0.06802949400890368
980,75,10,1,0.1222166084680395
981,89,5,1,-0.9002883912166091
982,67,7,0,4.672020630997039
983,181,14,1,-4.509469446336705
984,101,17,2,4.006684748525918
985,88,16,4,-2.156254420899309
986,83,13,0,4.505901634467087
987,125,23,0,-1.036965868126991
988,66,22,1,1.5386495748489404
989,80,3,4,-0.8487664007807361
990,103,13,4,-6.208130914593654
991,99,21,1,-13.6889060209285
992,98,14,1,4.365365592542238
993,71,1,2,-1.4591724886435002
994,40,17,0,-3.7725373598260683
995,46,12,1,-2.0568662540887934
996,34,22,4,2.1008075853538113
997,33,3,4,1.6785461011086626
998,115,12,4,-3.5494571760967064
999,154,22,0,-6.770886906984274
1000,162,1,0,-1.3366306754092903
1001,134,22,1,-0.16196600637753544
1002,133,22,1,-1.8230309299455612
1003,123,10,0,-3.4022636663542776
1004,36,21,4,-6.1316723991454465
1005,186,9,0,-2.9584122674881295
1006,156,4,4,0.16169204928302972
1007,129,7,1,-0.2973898872891618
1008,118,12,1,0.9326128188502394
1009,72,14,1,-2.707734672856864
1010,23,6,0,1.4394642085245604
1011,49,19,0,3.8268469537123915
1012,51,17,4,0.40018466573783606
1013,192,7,4,1.0808677643742266
1014,124,1,4,-4.365870650786332
1015,173,14,4,-4.415658933228458
1016,52,2,2,-4.125822366899882
1017,135,10,4,-5.6878171090836265
1018,41,16,4,1.515868919261567
1019,74,17,2,1.3736134733093475
1020,98,0,1,1.372064345182993
1021,190,3,0,-5.735894217180347
1022,99,18,1,-5.998307431766988
1023,27,22,0,-2.057287194024396
1024,166,9,4,-2.140355224520561
1025,170,8,4,-1.3740704767651897
1026,163,9,0,1.862352961345059
1027,11,13,2,-3.155239326890585
1028,105,10,0,-0.5124021919169766
1029,88,0,4,-2.9448540638490184
1030,152,21,4,-1.8788734647305718
1031,60,8,1,5.074048446843649
1032,93,13,2,-8.888614554888235
1033,16,1,0,-2.510991414568116
1034,79,0,3,-5.817083579064328
1035,159,1,4,1.0805006807649926
1036,70,17,1,6.784640097641377
1037,32,1,2,-9.881878921499101
1038,174,18,0,-1.0039771588433661
1039,54,9,3,-5.926230788776184
1040,70,15,1,4.539712546767592
1041,40,22,0,-14.008115418977166
1042,22,4,2,0.4165348539511038
1043,27,5,0,-4.641655684138977
1044,136,6,4,-1.7485833884656272
1045,53,14,4,5.176834331138749
1046,107,5,1,-2.118417827891409
1047,152,23,4,-1.3396664347523937
1048,15,3,4,-2.7091472519610784
1049,123,19,0,4.93794168255381
1050,170,19,4,-1.684070885476433
1051,3,7,1,-1.968803248089138
1052,35,15,2,-4.700056309544569
1053,118,17,1,10.746344883338903
1054,150,12,4,-3.0183552971941614
1055,40,11,0,-12.186082296140826
1056,154,1,0,0.8654993983813232
1057,110,17,4,3.624530837171274
1058,150,5,4,1.1811094633727717
1059,158,18,0,-7.746752482024018
1060,163,1,0,6.260317541940829
1061,195,0,1,-0.0050281288917773115
1062,160,0,4,1.1521912869101494
1063,12,15,2,-7.121752482052442
1064,112,19,4,-2.9336203576384494
1065,189,18,4,0.6711883556607222
1066,80,20,4,7.521807045134906
1067,121,1,1,0.030033922828114346
1068,136,8,4,6.106040415846808
1069,187,14,4,-4.552701786755954
1070,118,4,1,2.481769946404021
1071,186,7,0,3.4370171617361347
1072,145,5,0,1.4914692998382006
1073,59,12,1,-0.3901037370461853
1074,91,0,0,-3.042721274094
1075,67,7,0,5.844828981207493
1076,94,14,1,0.6017808119190892
1077,138,10,3,-1.7737595468254477
1078,33,20,4,7.342377277278031
1079,71,15,2,2.9666399629405253
1080,111,3,1,-4.876379849459711
1081,113,10,1,-10.95012494453972
1082,58,2,4,4.662648965132764
1083,61,14,1,2.088085709788554
1084,32,1,2,-6.944929477316266
1085,22,24,2,-1.8666834007921378
1086,182,6,0,-6.022347668329987
1087,110,24,4,-1.5382809894160578
1088,188,17,1,6.556576078924136
1089,172,10,0,-4.99415998179602
1090,21,9,1,-8.179753081808107
1091,96,5,4,-0.5282523319540671
1092,67,15,0,9.350826460391449
1093,142,18,0,-1.5708348820906026
1094,6,2,4,4.917689536473071
1095,168,3,4,-1.7277389308574351
1096,185,11,4,-5.871028000582401
1097,186,16,0,-2.155592564924754
1098,5,20,1,-1.3838152429217736
1099,96,10,4,1.219237350690955
1100,22,17,2,1.6249780473935678
1101,27,2,0,-1.4008328399612473
1102,5,23,1,2.8003412440342896
1103,153,9,4,-4.256008263354216
1104,23,7,0,1.9228582290493819
1105,166,16,4,0.7956120674307061
1106,51,3,4,-11.882492002122369
1107,63,4,3,-7.304733534181233
1108,43,8,4,-8.953180601290807
1109,180,19,1,-10.09725946625295
1110,188,11,1,-6.974012337923238
1111,147,10,4,-9.653203460192426
1112,40,24,0,-7.510789610945169
1113,58,6,4,4.5157238907468855
1114,78,14,0,-5.435989948181151
1115,182,9,0,-8.095326196520631
1116,152,15,4,-3.529550045965116
1117,120,5,4,-5.679249401180329
1118,158,24,0,-4.058996058962511
1119,148,2,3,-3.177246975989176
1120,148,10,3,-3.0574068101561345
1121,154,18,0,0.23038920395875045
1122,8,22,4,-0.4769505762832349
1123,73,16,1,-2.287458435367938
1124,1,12,0,-8.219261541745846
1125,110,16,4,1.0580439837600575
1126,173,14,4,-5.059570952236209
1127,13,0,2,-6.138940064779735
1128,119,12,4,-8.652922154811712
1129,41,7,4,3.5268326351325423
1130,172,9,0,-0.9266820352782101
1131,138,12,3,-5.233121648503859
1132,153,16,4,-2.356914775974769
1133,33,18,4,6.21374852439538
1134,60,24,1,6.2875862079475695
1135,147,6,4,-7.958613656908639
1136,47,21,0,5.447734730282978
1137,150,4,4,4.2653585129634815
1138,127,8,4,-0.772900922699805
1139,123,6,0,4.3454406580647245
1140,56,3,2,-5.466495987121756
1141,51,6,4,-5.675489750825937
1142,7,18,0,-1.5249088498318646
1143,65,6,1,4.313741462184902
1144,34,24,4,1.105798442016705
1145,121,7,1,3.9287966139091384
1146,84,5,2,-0.9003243157373451
1147,42,15,4,5.77450743062285
1148,106,14,1,-2.924553828654557
1149,192,6,4,-1.1034565034733106
1150,194,13,4,-4.519920986589705
1151,186,2,0,0.9955683860744855
1152,79,3,3,-6.5277804895542095
1153,121,24,1,4.44565409425715
1154,70,9,1,-0.9182861378116609
1155,140,3,3,0.7697651196637918
1156,107,2,1,-9.692306416267558
1157,0,1,0,0.7127111755043956
1158,131,13,3,-0.6327067679198599
1159,167,0,2,-9.871791098756011
1160,165,7,3,1.820684661384442
1161,33,10,4,-2.5260444595627143
1162,135,20,4,-0.1160732602911721
1163,136,9,4,2.4151524252499406
1164,187,7,4,0.6688188454763284
1165,38,0,4,-6.473777509448852
1166,178,16,1,-0.4536610628464861
1167,176,24,4,-6.466963619849219
1168,137,10,1,0.9451156843245054
1169,177,6,3,0.1276907588271845
1170,47,14,0,1.8347464402944613
1171,115,22,4,0.3376308858360346
1172,58,11,4,-2.954012866228865
1173,81,3,0,-6.6544218676929106
1174,191,7,2,-3.31794773132557
1175,59,14,1,6.4650215530922575
1176,151,20,4,-0.13631356129436745
1177,32,18,2,-2.3194452944620965
1178,113,1,1,-7.469089781711421
1179,6,6,4,5.3364006431378765
1180,162,11,0,-2.6380914989725306
1181,4,24,4,-1.2591915896610049
1182,65,9,1,3.36851750300231
1183,176,24,4,-6.192944289081691
1184,119,3,4,-7.100348550084619
1185,51,14,4,-4.787960755591106
1186,102,23,4,-2.1472941937187247
1187,159,2,4,0.3577477415663626
1188,23,6,0,0.9817075860663322
1189,64,2,0,-4.999403743523112
1190,167,8,2,-10.589777414323606
1191,94,20,1,-0.22777216741614648
1192,87,5,4,-3.877614168682365
1193,127,0,4,-5.702477063776086
1194,25,24,3,-2.9571060280421255
1195,98,15,1,8.475406788696407
1196,78,1,0,-2.928406646925243
1197,145,14,0,4.006761856660294
1198,122,24,3,4.969573226008048
1199,185,11,4,-7.1941828857668835
1200,185,22,4,-2.2978307645046545
1201,59,11,1,2.5942766902603074
1202,168,13,4,-0.736176984732106
1203,112,13,4,-0.5131500876669681
1204,173,22,4,-5.15232799127444
1205,9,17,4,0.3663572498550103
1206,7,12,0,-3.460353300393101
1207,76,5,2,1.5849995539347768
1208,177,4,3,-1.0435782691301705
1209,191,22,2,-8.570270710589938
1210,13,24,2,2.5673737223177096
1211,145,12,0,1.5254808609172514
1212,21,3,1,-4.983629224940037
1213,182,12,0,-8.838926668523957
1214,21,4,1,-8.12935866695114
1215,81,22,0,-6.4149541508527665
1216,99,2,1,-10.649357463356562
1217,33,15,4,1.8170960286328766
1218,103,8,4,-2.770312453561603
1219,151,9,4,-1.893962596454708
1220,4,10,4,-1.6316279368006124
1221,123,6,0,5.573290104188759
1222,132,0,3,-1.1055917735342349
1223,127,3,4,-4.759308079852514
1224,87,14,4,-4.29191031560715
1225,76,24,2,-0.9057047944768778
1226,135,16,4,-2.1665047548355396
1227,63,4,3,-8.56960991813699
1228,196,21,3,-3.5363275349370644
1229,87,14,4,-2.692365382068941
1230,42,24,4,4.280579011592532
1231,64,2,0,-4.157419657118428
1232,53,1,4,7.1065056358194285
1233,161,18,0,-2.6416993352551708
1234,39,16,1,7.033686797930939
1235,70,12,1,-6.289145414817515
1236,26,2,4,-2.2055649716320174
1237,64,22,0,-4.6809521854233616
1238,51,16,4,-6.181008880046122
1239,40,16,0,-8.091419003922148
1240,132,10,3,5.296928408296814
1241,4,13,4,-1.6892719644876895
1242,32,16,2,-8.328320536605064
1243,9,4,4,2.563536271341813
1244,105,16,0,0.8540810418104616
1245,99,22,1,-6.318146185153802
1246,19,23,0,-0.8040245612982335
1247,192,2,4,2.892324169233182
1248,124,17,4,-3.4491940366315506
1249,107,12,1,-7.826357586538183
1250,23,10,0,-7.307290017337936
1251,62,7,0,2.116071403364354
1252,161,7,0,-2.8454079460094546
1253,92,22,4,-5.247862593188464
1254,129,19,1,-1.2266425556140899
1255,106,2,1,-6.054245841644877
1256,26,2,4,-1.8144456243315106
1257,126,22,3,3.9749018896280863
1258,195,9,1,-1.0959797152267936
1259,117,23,3,-5.785374531056349
1260,195,13,1,1.6769683946960137
1261,34,21,4,2.402238607154888
1262,171,13,1,-3.9301926925685975
1263,133,5,1,-1.4656003122150763
1264,43,7,4,-5.53727207533575
1265,156,2,4,-3.827099040197917
1266,94,23,1,-0.3670531130273362
1267,147,8,4,-4.821537561359207
1268,78,18,0,-2.9438372782746267
1269,186,4,0,-5.640135271803636
1270,78,23,0,-6.845752478814498
1271,69,18,4,1.418804992867062
1272,150,6,4,3.530043901510297
1273,87,13,4,-8.756065682664039
1274,96,20,4,9.276486477318073
1275,189,22,4,0.91305526517125
1276,183,4,3,-11.492220662392452
1277,187,8,4,-3.378313991859291
1278,175,7,3,7.726743713765336
1279,10,16,2,-11.618992659690104
1280,34,14,4,2.2243392082291207
1281,42,23,4,4.693386169696869
1282,48,1,3,-0.3657386552706188
1283,13,2,2,-4.275570692414279
1284,97,10,3,1.6188101917593485
1285,29,3,4,-2.1528548303152384
1286,111,1,1,-6.692726981685952
1287,46,18,1,-4.560608935247361
1288,106,5,1,-4.931283740742928
1289,92,15,4,-1.121210266550043
1290,57,7,0,2.3596959809387936
1291,60,19,1,5.469714609194363
1292,73,6,1,-4.981104097094428
1293,29,5,4,3.5897173453656523
1294,84,16,2,-4.8406265309094705
1295,56,18,2,-6.9834685779215215
1296,72,21,1,-9.840991617406212
1297,24,9,1,-2.2081126045985293
1298,24,16,1,5.178919469924992
1299,11,15,2,-1.7927237079378158
1300,8,6,4,2.5682861903992253
1301,87,7,4,-4.09097865446547
1302,170,19,4,-1.8949515586998715
1303,27,18,0,2.30537250584548
1304,52,0,2,-1.3594587752288154
1305,103,12,4,-9.098430927645564
1306,165,7,3,-2.254262161380053
1307,120,4,4,-2.2198994664341183
1308,24,7,1,7.74150986115411
1309,133,20,1,-4.68321164955028
1310,193,22,2,-0.29998163791752663
1311,161,13,0,0.5386819654390225
1312,16,20,0,-1.772409542175771
1313,189,10,4,-3.628728325567437
1314,182,10,0,-12.037890261100003
1315,33,16,4,1.2169782101883784
1316,2,7,4,0.9485943301148478
1317,54,7,3,3.5162356751824717
1318,199,2,1,6.558597886258226
1319,26,1,4,1.926370008895403
1320,81,23,0,-7.0181906793692495
1321,161,0,0,-4.962755445252512
1322,85,24,1,-1.5821801728227338
1323,115,4,4,-1.1556546810052524
1324,30,7,2,-1.3117855713221016
1325,26,23,4,-2.425770565063966
1326,6,14,4,7.9327901206171045
1327,131,13,3,0.3732921632227355
1328,32,12,2,-4.442300083424567
1329,122,0,3,-1.9164509839790724
1330,107,17,1,-0.18280360587718192
1331,167,23,2,-6.554789921174706
1332,66,8,1,6.524891919140058
1333,79,17,3,2.4088024978937743
1334,39,3,1,1.9851733928272417
1335,44,19,4,-2.258919754093349
1336,14,19,4,-3.621143747625348
1337,41,0,4,-1.7927771914793784
1338,173,14,4,-5.376013806162292
1339,147,0,4,-8.509187911186132
1340,138,7,3,3.49869867723615
1341,0,3,0,-6.750334511645385
1342,120,1,4,2.7081624133659785
1343,31,6,4,-2.940536749677068
1344,107,23,1,-11.382504102140318
1345,33,6,4,1.5569557148738364
1346,158,8,0,-8.851780125275052
1347,128,21,1,-5.770335100242612
1348,107,24,1,-0.9165417036393895
1349,171,18,1,-2.0022436997868724
1350,195,12,1,-2.189485214992196
1351,195,21,1,-3.2792833179504584
1352,94,5,1,-1.4063094856023153
1353,32,18,2,-6.443213935864833
1354,191,17,2,0.8591877009434307
1355,84,24,2,-0.32609632087208085
1356,94,13,1,0.18273433532151828
1357,77,12,3,-0.6707394650733005
1358,62,14,0,0.09393154584560559
1359,179,23,0,-8.225825751450477
1360,84,2,2,-6.526433140114343
1361,110,20,4,3.1342655547616713
1362,142,10,0,-5.280723235522343
1363,4,19,4,2.7934068726221257
1364,197,14,1,1.141349932840511
1365,103,24,4,-5.320961542033637
1366,173,24,4,-8.784149046579257
1367,117,24,3,-5.087337795157603
1368,118,6,1,3.1667475945584007
1369,49,16,0,1.491129028242455
1370,84,18,2,-7.900640903912398
1371,32,8,2,-5.434358012747494
1372,51,19,4,-3.3727854332852463
1373,159,24,4,-2.330605288819179
1374,181,13,1,-1.9944588024195433
1375,162,22,0,-5.480504956467342
1376,168,14,4,1.5451808532403877
1377,106,7,1,1.9161709910777134
1378,12,0,2,-14.599193471809107
1379,61,11,1,-7.247097875955456
1380,127,0,4,-4.000629525185723
1381,78,14,0,-3.0668485588415924
1382,186,8,0,-0.34076896063826156
1383,110,1,4,1.8014882268613128
1384,169,8,4,-3.4887826894641103
1385,144,6,1,2.837492653446069
1386,121,11,1,-4.710029211901265
1387,190,4,0,-7.392047722033189
1388,184,14,3,-0.6034343083322544
1389,12,24,2,-8.198044747350712
1390,108,12,1,-2.1312264167234285
1391,87,17,4,-0.5029813808576178
1392,198,24,2,-3.216346231945258
1393,99,21,1,-12.67667747195609
1394,18,15,2,1.083062827790112
1395,26,0,4,-2.9995006679782747
1396,72,8,1,-0.5315645356924881
1397,126,21,3,3.4647894175376326
1398,7,21,0,-2.2820448443590746
1399,54,8,3,0.37761110788704233
1400,79,8,3,-3.4072248577857835
1401,8,1,4,5.886876641867795
1402,92,1,4,1.5123864410255168
1403,103,22,4,-4.102072661598831
1404,66,20,1,2.047785891469016
1405,11,1,2,-2.8737437015428
1406,174,24,0,-1.6965264894328498
1407,108,2,1,-0.03253441376779076
1408,179,6,0,-1.292796412646203
1409,178,5,1,0.03584188565322999
1410,194,16,4,-2.0275426767226308
1411,195,14,1,7.213690130860902
1412,138,13,3,-3.8807507326002915
1413,114,7,4,3.787465578670832
1414,139,6,1,2.191190578379008
1415,112,14,4,-1.7138453326289185
1416,186,15,0,10.372944399723306
1417,55,8,0,-3.7209028033886824
1418,173,23,4,-4.0621634704665865
1419,144,14,1,2.7595309940434154
1420,187,1,4,-5.307185435825633
1421,136,18,4,2.597069419208618
1422,199,14,1,10.960504535690049
1423,83,11,0,0.8730705758115715
1424,40,1,0,-10.042866838209878
1425,3,7,1,2.889405475585021
1426,34,5,4,1.6288383711205028
1427,53,14,4,9.828830746441419
1428,199,19,1,10.710582564776859
1429,139,19,1,2.2133420389425735
1430,23,15,0,3.6461291019987128
1431,108,7,1,3.174222303964118
1432,103,7,4,0.10076334329200032
1433,134,10,1,-6.759669823196608
1434,21,12,1,-8.436936900857965
1435,47,4,0,0.8843547903210953
1436,167,16,2,-4.3048866778192005
1437,9,21,4,-6.459692615223436
1438,184,10,3,0.7878143313272238
1439,167,23,2,-8.215624784762891
1440,181,22,1,-7.65278140140717
1441,47,21,0,5.81088094367726
1442,111,18,1,-1.684636322940439
1443,96,5,4,-0.07311035675725813
1444,74,17,2,-4.941567671902854
1445,188,23,1,-1.0831508181444036
1446,18,24,2,0.241210227106461
1447,41,8,4,2.9254074538557884
1448,152,0,4,-1.534484335328934
1449,37,2,3,-4.836167744301575
1450,1,21,0,-3.1238021267657805
1451,73,13,1,-6.400706315648939
1452,56,23,2,-5.503969438065027
1453,95,5,4,-0.43138840802163914
1454,100,5,1,-3.75080586363298
1455,14,16,4,-7.963785197874513
1456,114,13,4,-1.1257644803040594
1457,156,2,4,-0.09710974126917282
1458,80,23,4,1.8729008600767663
1459,0,14,0,-3.0896258452886043
1460,136,17,4,9.110223622883671
1461,37,20,3,-2.1438049800175394
1462,25,15,3,-3.6230795254122987
1463,172,4,0,1.0421178678209695
1464,42,5,4,3.229847856406469
1465,11,12,2,-0.8603443219399016
1466,138,14,3,-3.1653610232094795
1467,4,10,4,-3.1101711900155404
1468,22,11,2,-7.352396236612911
1469,60,12,1,-3.6973742241755554
1470,103,17,4,1.7968663704970338
1471,83,14,0,-1.2113813296357976
1472,63,14,3,-7.384053781885129
1473,131,1,3,3.412893442836343
1474,179,5,0,-6.307860140375382
1475,26,21,4,-6.444561220988714
1476,3,6,1,-2.1350528303799967
1477,118,2,1,2.13469246682273
1478,151,11,4,-4.523106732074768
1479,170,2,4,0.45206977524785996
1480,46,3,1,2.312237333083341
1481,30,16,2,-7.296600302216601
1482,151,6,4,-2.4013187015075803
1483,98,18,1,1.2273589220633563
1484,196,17,3,3.074939233272818
1485,169,2,4,-1.4259211249854171
1486,115,10,4,-4.8828830805143015
1487,3,13,1,2.371135309192645
1488,8,3,4,-1.3940247165224209
1489,174,17,0,5.717892104526676
1490,158,5,0,-7.969736901322123
1491,70,1,1,-6.439127884068202
1492,106,13,1,-4.103208152557875
1493,45,14,0,5.233248100313734
1494,63,22,3,-1.0918673286253708
1495,187,21,4,-7.903250287226946
1496,71,16,2,-0.31092813416571996
1497,70,11,1,-4.808658345229785
1498,162,21,0,-7.3737017022201705
1499,177,7,3,2.4350540319300835
1500,190,23,0,-7.169865015412377
1501,25,20,3,-2.5706113815897793
1502,111,7,1,0.956017726933889
1503,23,21,0,-2.5037383956739157
1504,36,3,4,-7.742581971053879
1505,167,11,2,-5.09429153533417
1506,12,14,2,-8.219846870814134
1507,73,10,1,-6.09890098955736
1508,4,9,4,-1.2038779614801172
1509,76,0,2,-6.8626067469091065
1510,105,8,0,-2.3048631537189768
1511,156,15,4,-2.000541874141811
1512,90,16,1,-1.659494820072529
1513,13,16,2,-2.693957724342906
1514,167,9,2,-6.606356709104417
1515,62,9,0,-5.4587800771192105
1516,181,23,1,-6.858572419848471
1517,49,24,0,2.2523384893282383
1518,145,8,0,-0.3923485503398756
1519,111,17,1,2.9684783267030297
1520,133,24,1,-2.29530109891593
1521,21,17,1,3.2686975686828927
1522,77,20,3,2.008906433236773
1523,12,12,2,-6.792030327356956
1524,197,0,1,-5.636521758040645
1525,168,1,4,4.768538644641271
1526,142,14,0,-1.53951841294686
1527,76,18,2,-4.990146352445175
1528,171,23,1,-3.1601055580569026
1529,192,4,4,4.000134799819813
1530,77,22,3,4.903337120124701
1531,10,24,2,-10.01677144817145
1532,188,7,1,-0.6206353250290353
1533,97,16,3,-2.3701460289103293
1534,123,21,0,3.496572851158346
1535,145,17,0,9.863559486668976
1536,115,4,4,-4.00059568352958
1537,101,10,2,-0.049794109871935444
1538,192,9,4,1.571343173245762
1539,56,18,2,-4.781622295987478
1540,67,17,0,9.510153684424512
1541,48,8,3,0.44908543524658984
1542,172,17,0,5.468968977500666
1543,52,5,2,3.921248246921871
1544,64,23,0,-6.938524841369928
1545,90,2,1,-9.345323228377007
1546,64,1,0,-3.0268218386608927
1547,54,12,3,0.7560398919111171
1548,24,1,1,-1.7196595057609159
1549,151,24,4,-4.453372159908497
1550,129,3,1,-3.2501547178025616
1551,166,14,4,0.5151680124480021
1552,114,1,4,4.079365787699822
1553,39,16,1,3.8062992200015473
1554,145,9,0,1.7267650698611643
1555,108,6,1,-1.0541636298099741
1556,4,4,4,-0.4751186837262198
1557,37,0,3,-10.908779435962696
1558,29,13,4,6.143689576618649
1559,175,11,3,-4.103337364787758
1560,83,17,0,9.02873579819724
1561,96,17,4,6.032518407846694
1562,185,8,4,2.2553316616060934
1563,145,21,0,3.5673353844029747
1564,11,18,2,-4.244938245160341
1565,81,2,0,-4.727024297123345
1566,109,10,4,-9.750817413567978
1567,167,2,2,-9.716190341621004
1568,151,10,4,-6.052576330888411
1569,22,1,2,-5.314359412218697
1570,15,13,4,-4.725854091776626
1571,110,0,4,-3.3477893017525324
1572,103,17,4,0.24931059980259906
1573,138,8,3,-1.155016071904861
1574,103,20,4,-4.678566338604066
1575,138,20,3,-0.33615751959514617
1576,128,17,1,4.698232851720308
1577,13,16,2,-6.859070715824239
1578,157,23,3,-4.173440772170024
1579,72,5,1,-3.468265271966046
1580,74,18,2,-3.563656000164266
1581,46,4,1,-4.46433322613218
1582,158,14,0,-10.77732291496079
1583,108,16,1,2.9558519861087413
1584,53,4,4,11.040367123751397
1585,95,23,4,-0.5144314945484906
1586,159,17,4,3.5516018584607565
1587,76,4,2,-1.6955327463224656
1588,59,8,1,4.797726168372373
1589,158,12,0,-9.89222602332149
1590,59,3,1,1.4555333376964255
1591,120,16,4,0.35907402559743806
1592,158,12,0,-9.239172192651168
1593,18,21,2,4.7112970536440555
1594,77,6,3,1.0830642178984182
1595,69,16,4,-0.20084175731099296
1596,42,6,4,6.748104971412421
1597,56,6,2,-0.8809520068357348
1598,67,5,0,5.45309589280292
1599,89,16,1,-0.029671471849144426
1600,58,18,4,5.486128461706894
1601,158,19,0,-3.6679771858835073
1602,103,16,4,-5.896746074164026
1603,24,18,1,2.8455599143912744
1604,132,5,3,5.150741795696817
1605,3,17,1,1.047390528203982
1606,40,15,0,-3.8386803702626673
1607,7,2,0,-6.504823519908907
1608,142,19,0,7.0524406858673725
1609,96,8,4,5.175945383734777
1610,148,17,3,4.068409363536018
1611,31,24,4,-3.892398844516736
1612,30,0,2,-8.101522348113559
1613,128,13,1,-0.8507648917295974
1614,136,5,4,-1.241819967945634
1615,133,17,1,2.9326857761586895
1616,73,2,1,-6.413978329002641
1617,127,16,4,-1.742889995781936
1618,193,20,2,2.763332205655999
1619,72,3,1,-5.616410039053924
1620,155,2,2,-5.807018544178125
1621,93,15,2,-5.305562949829416
1622,33,18,4,5.257155354176799
1623,159,5,4,-2.66066876002403
1624,70,22,1,-0.0146339358634211
1625,51,19,4,-6.071529331273503
1626,139,7,1,3.9188094174995625
1627,126,17,3,7.069815435698474
1628,189,12,4,-0.784860441028707
1629,164,21,4,-3.427490044570334
1630,34,20,4,4.846609111982348
1631,15,16,4,2.835448977087573
1632,116,15,3,3.7899430352442502
1633,146,8,3,-3.6105976701487372
1634,116,0,3,0.009525599434110965
1635,171,0,1,-6.889104435306166
1636,143,20,3,2.620018564538846
1637,47,16,0,4.973179402058259
1638,122,1,3,-0.2530056039129871
1639,106,8,1,1.4519132244041626
1640,191,16,2,-4.716023124765654
1641,143,3,3,-0.46686899178333474
1642,14,22,4,-8.618586786138886
1643,199,20,1,9.976032259597153
1644,155,23,2,-4.345903907255725
1645,70,13,1,-3.2148364145926305
1646,192,13,4,-2.4442169132502567
1647,24,23,1,2.1524667035105187
1648,181,17,1,1.6517404794327057
1649,133,13,1,0.7883036907053369
1650,48,1,3,2.7906186507118877
1651,44,11,4,-3.6409783363595847
1652,138,14,3,-1.4650161073157386
1653,136,20,4,4.549555625929162
1654,83,17,0,9.00681446752633
1655,120,21,4,0.14802985044334527
1656,155,12,2,-5.061104429469125
1657,107,17,1,1.1065807071067288
1658,184,13,3,-0.8420701161421228
1659,195,7,1,6.176661619259773
1660,30,16,2,-4.262328508302246
1661,160,7,4,6.89178094458734
1662,170,12,4,-4.980655369279716
1663,55,7,0,1.0718184592298274
1664,198,17,2,3.224749439800136
1665,117,13,3,-3.9876799405893735
1666,159,22,4,3.1262879476976497
1667,61,14,1,0.08624244495126965
1668,140,18,3,-6.394953858908128
1669,11,2,2,-4.249779984962143
1670,38,15,4,-3.2759469458866395
1671,91,4,0,-1.6739309884841136
1672,133,3,1,-5.3916220094017815
1673,141,17,4,3.3967190985314364
1674,31,15,4,-1.9499345024976802
1675,162,19,0,1.5340538951654892
1676,150,0,4,0.7944775114707325
1677,22,19,2,-1.5889990433976857
1678,18,21,2,2.707813594666618
1679,185,16,4,1.6109863866570548
1680,30,9,2,0.6202549319392019
1681,137,4,1,0.8624178970611295
1682,79,19,3,0.21264689156922367
1683,199,22,1,11.201123440562004
1684,28,1,0,-3.2800609688586784
1685,130,12,4,0.6628733671822005
1686,125,17,0,7.115303741417671
1687,159,18,4,-0.9349241336761325
1688,56,8,2,-5.371997759214541
1689,178,11,1,-5.614496884984805
1690,176,10,4,-8.2755870657316
1691,199,18,1,11.522106976787013
1692,165,8,3,-1.1863971484815392
1693,80,1,4,3.7289752586974205
1694,29,4,4,3.892600036199734
1695,28,10,0,-3.8198368448165394
1696,141,6,4,1.4177456003129407
1697,18,3,2,-0.216506293725657
1698,25,11,3,-9.417685180777447
1699,116,10,3,4.833569583412421
1700,135,9,4,-3.0779395429774263
1701,182,0,0,-7.399457007819784
1702,158,13,0,-5.896903359126535
1703,99,15,1,-1.8108852344906012
1704,117,21,3,-4.363528137726071
1705,145,24,0,3.293077396625476
1706,84,15,2,0.2697560870641742
1707,128,8,1,-0.3486114585612716
1708,97,24,3,-0.3956137246692242
1709,131,16,3,2.55619254493648
1710,192,17,4,6.178837911011127
1711,176,16,4,-3.265397630611874
1712,47,3,0,-0.5569230920463575
1713,16,21,0,-3.4579798327558624
1714,77,13,3,-1.339292456849377
1715,61,24,1,0.6701574824209142
1716,198,17,2,0.16783902269996287
1717,105,9,0,1.8249124467977362
1718,73,1,1,-5.68345609187601
1719,101,17,2,7.180310829071585
1720,54,4,3,-2.6763815153859425
1721,132,2,3,2.839633882076634
1722,47,22,0,-1.1657466067334736
1723,161,22,0,-5.052097054308051
1724,112,19,4,-2.9472152303565182
1725,86,16,4,2.113684647947954
1726,20,0,3,-0.316951902957321
1727,69,21,4,-8.045296519938995
1728,119,1,4,-2.6978515323095262
1729,12,9,2,-9.81638597177534
1730,75,10,1,3.733654752539726
1731,73,20,1,-5.469324504234876
1732,72,1,1,-4.1503057047937695
1733,185,11,4,-5.821973730256401
1734,194,20,4,3.61262550646499
1735,40,3,0,-13.91567119566548
1736,23,7,0,3.317061729782887
1737,40,15,0,-1.7240374995890186
1738,120,2,4,-3.3327753715334234
1739,114,12,4,-0.6601900598594376
1740,145,18,0,4.363287360468344
1741,4,0,4,-5.83087583057296
1742,139,5,1,2.3802658984222793
1743,74,0,2,-9.933736602684943
1744,126,6,3,2.2570849082816578
1745,58,12,4,2.6904315088655366
1746,108,4,1,-1.1492760743245123
1747,6,9,4,0.47318087117120244
1748,164,8,4,0.5430037830247763
1749,77,24,3,-2.0850057355385774
1750,21,8,1,-1.846858870677218
1751,74,19,2,-4.768600777791063
1752,83,20,0,9.840610872605248
1753,166,16,4,3.010200786448476
1754,156,14,4,0.71381742169828
1755,97,4,3,-4.74002930835423
1756,181,5,1,-4.641818968888752
1757,143,10,3,7.07029125496732
1758,123,6,0,6.738737289710584
1759,27,20,0,2.509287773264736
1760,4,9,4,-1.4009469980442395
1761,60,19,1,3.5175905294434027
1762,129,23,1,-2.603811660057367
1763,95,4,4,2.2038874900431407
1764,197,11,1,-6.088318221015992
1765,182,3,0,-11.837095934144568
1766,99,16,1,-5.923221062333934
1767,27,0,0,-4.313312358979963
1768,179,7,0,-4.761072756967491
1769,62,23,0,-6.369697806059196
1770,199,8,1,10.811805046896755
1771,79,1,3,-1.599977487237343
1772,63,2,3,-1.5572163247154012
1773,108,2,1,-2.5733960709862047
1774,98,20,1,6.1545409612517
1775,66,7,1,5.872336999099409
1776,164,6,4,-0.9801255688588966
1777,114,11,4,-3.6103626417145316
1778,9,18,4,-6.098561574194138
1779,64,3,0,-7.460662604335146
1780,46,8,1,0.06709683483358947
1781,65,23,1,2.2414239074222913
1782,167,5,2,-1.492172519575736
1783,161,13,0,0.5273774881517388
1784,68,19,2,2.5647776856525395
1785,45,3,0,-0.5342944355784314
1786,47,18,0,3.114691098538872
1787,189,3,4,0.378746817744414
1788,4,2,4,2.1144919233968453
1789,26,21,4,-1.7985372048428787
1790,32,4,2,-6.085647096624088
1791,98,8,1,5.905489855436736
1792,84,12,2,-1.8866232569443364
1793,118,21,1,-4.497294446922448
1794,165,21,3,-0.36337729618943193
1795,160,22,4,8.543030476070665
1796,28,5,0,-0.28285910698597094
1797,195,5,1,2.7550385728634597
1798,137,18,1,-0.8656664622478221
1799,186,22,0,-4.378937565975656
1800,68,21,2,5.017311031250892
1801,14,16,4,-7.214006412292952
1802,127,24,4,-5.608803289666975
1803,158,0,0,-10.791299941772156
1804,39,24,1,4.727371948597311
1805,194,3,4,-9.745606854960787
1806,105,11,0,-4.323028440986518
1807,48,19,3,-0.825693017928279
1808,46,19,1,3.7182439379098895
1809,32,1,2,-9.443290212755453
1810,176,5,4,-4.695556917759978
1811,71,6,2,4.0212510230832645
1812,68,12,2,-1.6134161617226097
1813,191,7,2,-3.004844498024661
1814,26,6,4,-2.7241085433493435
1815,159,20,4,-1.260931273964046
1816,197,20,1,5.34429051115028
1817,173,2,4,-4.7879399382112915
1818,155,0,2,-8.83696298731391
1819,151,5,4,-6.486633472445641
1820,80,2,4,6.453293741145131
1821,141,22,4,2.5179896114128053
1822,42,10,4,-1.7593372791990496
1823,190,16,0,-1.7259747118400488
1824,117,3,3,-10.817715439292996
1825,77,13,3,-3.2673511149968295
1826,4,19,4,0.6844112206535499
1827,135,10,4,-5.046445110646279
1828,171,6,1,-3.1340185076677054
1829,106,23,1,-6.159878183682672
1830,2,23,4,-4.365613377588398
1831,14,15,4,-4.9828372136876995
1832,147,16,4,-3.531517118697331
1833,83,22,0,3.937251223402914
1834,71,18,2,-0.5469616561582417
1835,84,16,2,-3.5536878412596895
1836,1,12,0,-9.848748291569038
1837,23,9,0,-7.296457895539616
1838,12,17,2,-6.067817843492287
1839,99,10,1,-4.813533778617802
1840,183,19,3,-3.6947282255149325
1841,16,16,0,-6.915194620432675
1842,72,18,1,-1.1783762524577421
1843,51,22,4,-7.546043145908884
1844,109,11,4,-9.415132962291514
1845,167,1,2,-8.194925708295191
1846,153,22,4,-4.459936074757152
1847,131,12,3,-3.047218701267817
1848,122,2,3,5.094598830761193
1849,27,21,0,-2.70049418505552
1850,37,20,3,-3.0580723158407013
1851,145,12,0,1.9190698201849978
1852,27,15,0,3.2687914592622667
1853,106,4,1,-3.512354290036453
1854,143,8,3,1.0776475813096291
1855,122,7,3,5.55618348048041
1856,137,11,1,-2.920062818029259
1857,116,14,3,1.8205640004651875
1858,133,22,1,-2.8755438259499106
1859,44,10,4,-4.614941216541727
1860,91,6,0,4.1268422339085085
1861,62,8,0,-7.924642509020791
1862,183,7,3,-5.0493942296497725
1863,30,0,2,-8.530029836472519
1864,167,2,2,-6.609314317320916
1865,16,0,0,-7.9980651615221
1866,12,10,2,-8.810184112105674
1867,168,23,4,4.728255915079558
1868,189,4,4,1.9622795099692727
1869,165,3,3,0.28124146464068556
1870,0,11,0,-6.836737792831526
1871,83,23,0,-3.9538114176423544
1872,38,9,4,-8.593795754466322
1873,7,9,0,-4.294681311218966
1874,62,11,0,-6.988468357743534
1875,135,14,4,-1.850882910399028
1876,152,7,4,3.9895673446009043
1877,189,19,4,3.786308938507771
1878,29,1,4,4.531181152388603
1879,21,0,1,-5.270788181377223
1880,176,6,4,-3.4075859493096776
1881,96,7,4,10.166103781934353
1882,149,17,2,4.892186047382722
1883,27,1,0,-3.3253027971692593
1884,160,13,4,2.466369285627133
1885,46,10,1,-2.120934523471921
1886,173,8,4,-4.1194716808367255
1887,65,16,1,4.540534228224544
1888,143,4,3,-0.19604449032509175
1889,20,22,3,4.453279059530316
1890,52,24,2,4.35272188427257
1891,148,0,3,-6.842664345464602
1892,79,7,3,1.1613981462715253
1893,121,6,1,0.9846733900604131
1894,25,8,3,-2.017463284727893
1895,23,23,0,-5.846414582352013
1896,57,22,0,-1.2585061191184792
1897,15,10,4,-1.4561204748894288
1898,159,7,4,1.7902514011594441
1899,144,19,1,9.788027181059725
1900,57,21,0,-1.212290351936935
1901,18,17,2,1.9689031828831514
1902,104,14,2,-6.318243412491918
1903,40,5,0,-8.471023636255929
1904,25,6,3,-2.168958835535145
1905,82,23,3,0.22004787781073798
1906,7,8,0,-8.654286334309678
1907,10,14,2,-11.218639574730028
1908,51,1,4,-3.0120894479221714
1909,191,2,2,-6.299212141775269
1910,171,7,1,-0.6037739335597208
1911,31,7,4,1.9367353853240374
1912,191,11,2,-5.769502750669566
1913,164,10,4,-3.477666215739039
1914,169,7,4,-1.9948522771036605
1915,137,9,1,0.1547569529919267
1916,99,10,1,-9.617941206751015
1917,29,18,4,4.721411518179516
1918,73,22,1,-6.364067234768274
1919,58,8,4,2.379099009712906
1920,131,0,3,-5.119963314946077
1921,192,5,4,-2.4903408999698557
1922,101,4,2,3.132965666257618
1923,160,17,4,5.510763188848577
1924,128,22,1,-2.2990144019882126
1925,80,14,4,6.4619006500420095
1926,114,23,4,0.6333193971572824
1927,146,17,3,4.597303242440967
1928,153,19,4,-4.151693333287793
1929,50,9,0,-8.034761980759896
1930,58,23,4,1.665354642858498
1931,104,7,2,-1.3264834711028886
1932,14,10,4,-9.749025788708996
1933,99,7,1,-3.505534056215498
1934,199,5,1,8.919653143127752
1935,12,17,2,-6.9512665425182
1936,160,6,4,3.4373798377529723
1937,17,1,4,-3.6385724816539375
1938,54,12,3,0.41612052506507013
1939,64,14,0,-6.6861511344231275
1940,28,5,0,-0.3112370554938919
1941,135,9,4,-5.018538063260989
1942,84,9,2,-4.563918588512192
1943,88,0,4,-2.1736447332794406
1944,13,5,2,-0.5261285783905483
1945,128,21,1,-1.9893012254236586
1946,165,3,3,-3.184148859601397
1947,141,0,4,-1.987350831759242
1948,32,23,2,-5.174432522502434
1949,160,13,4,3.5538003956583153
1950,148,16,3,-3.722645909594791
1951,111,6,1,-2.2116518898242292
1952,46,20,1,-0.816155058471231
1953,112,10,4,-5.250847958708503
1954,123,18,0,5.1504856290515
1955,31,15,4,-4.755809256919275
1956,42,13,4,6.613676572244948
1957,191,12,2,0.16275694885144798
1958,50,16,0,-3.302515613193357
1959,95,24,4,0.6527420714040243
1960,71,5,2,6.320101782684535
1961,81,14,0,-5.57675911720303
1962,22,2,2,-6.030777321129175
1963,17,5,4,-5.4635084623015455
1964,162,1,0,-2.7753622143501637
1965,7,17,0,1.0641552127763525
1966,88,10,4,-5.686793040421072
1967,165,2,3,5.387136428159391
1968,181,10,1,-4.479786710378912
1969,138,15,3,0.03067324221349721
1970,20,13,3,3.151701912179468
1971,107,8,1,-0.5649427919851604
1972,138,9,3,-6.999544877103542
1973,160,18,4,5.338227767417362
1974,149,4,2,2.5465380786821767
1975,137,1,1,-3.309271121977445
1976,61,0,1,-5.844114169368137
1977,128,23,1,-0.30568085926320543
1978,158,4,0,-10.579715430071
1979,2,18,4,2.1852563727828245
1980,66,2,1,-0.1959842366987507
1981,11,7,2,-1.1354838830899805
1982,153,3,4,-4.379939532110099
1983,144,15,1,10.874724926977832
1984,187,23,4,-4.020258334130685
1985,154,10,0,-6.433639963473043
1986,33,9,4,-0.35099879312116755
1987,154,20,0,5.719921136483329
1988,174,6,0,3.8197478517417363
1989,164,11,4,-4.973400722488551
1990,77,20,3,2.4598256741205073
1991,17,12,4,-7.532795517536815
1992,125,5,0,-0.794152735153506
1993,7,10,0,-7.453990169681428
1994,50,12,0,-5.780627214291396
1995,10,1,2,-11.60152656114445
1996,49,10,0,-4.940126395320254
1997,55,19,0,1.595683721349594
1998,108,1,1,-0.8163000459272318
1999,51,19,4,-7.113943415768524
2000,42,16,4,5.094034122991003
2001,194,4,4,-1.8210918039819468
2002,58,7,4,7.737533336506093
2003,69,24,4,-3.602582936338795
2004,38,12,4,-7.320698159787435
2005,1,16,0,-5.443921983750231
2006,27,4,0,-3.9113147578711676
2007,79,2,3,-4.427277005451655
2008,135,6,4,-3.0644398405904925
2009,156,4,4,-2.5892779051489874
2010,70,3,1,-1.9399760589532775
2011,143,20,3,6.352351643102379
2012,104,11,2,-6.887994717318275
2013,165,17,3,3.5225903656655295
2014,175,24,3,0.6850682036407293
2015,146,21,3,0.3908756564930339
2016,11,9,2,-2.1255971214327003
2017,100,19,1,0.1768093025728803
2018,51,17,4,-1.0353640328733098
2019,55,12,0,-4.0458171634168485
2020,124,11,4,-9.928160868912968
2021,90,24,1,-2.446823625772021
2022,174,8,0,-2.4988205737278455
2023,126,4,3,-1.4446144283273257
2024,97,2,3,-2.155492227324532
2025,186,0,0,-1.0705861195715598
2026,175,1,3,-0.6822490131751766
2027,56,0,2,-11.228848841425194
2028,195,13,1,0.5082628603515453
2029,90,18,1,-1.2919084067939082
2030,99,10,1,-6.995183518600091
2031,90,19,1,-4.640954885433009
2032,9,7,4,3.086747642135773
2033,146,1,3,0.9204758211514488
2034,104,12,2,-8.108846166444867
2035,48,17,3,3.65699658438228
2036,87,0,4,-6.968055823218324
2037,48,1,3,3.501060290744851
2038,0,18,0,-1.8228447067213718
2039,124,10,4,-11.157462456133333
2040,196,15,3,-0.5510432364189175
2041,118,18,1,3.5123952855437115
2042,112,22,4,-1.7843505986606842
2043,49,16,0,1.5735203014120662
2044,22,17,2,-0.0016888790075306748
2045,96,22,4,1.9896676024458115
2046,134,16,1,-3.4291688180590283
2047,152,6,4,-4.8438008452991586
2048,177,8,3,-3.5888305022730407
2049,90,20,1,-0.8083858770445453
2050,85,17,1,3.945376805116676
2051,51,24,4,-7.907986850487209
2052,181,12,1,-5.008236258201973
2053,39,19,1,7.342016401855826
2054,46,23,1,-2.325016753921684
2055,121,20,1,2.83765018758163
2056,10,9,2,-10.107927306112748
2057,180,17,1,-1.3540919123199635
2058,36,21,4,-4.921660654807079
2059,63,15,3,-3.8762061296239234
2060,75,12,1,-2.2718543158286097
2061,140,16,3,-3.342579610846802
2062,34,22,4,4.218867949897034
2063,36,20,4,2.3881453348086232
2064,172,23,0,-4.9362929719986095
2065,6,18,4,1.8830266035751122
2066,95,1,4,6.930381906863234
2067,36,17,4,1.7061326945266244
2068,4,20,4,5.594810838080596
2069,5,23,1,-0.0028202725577390897
2070,13,10,2,-7.422920749841824
2071,129,22,1,-1.1640512943936798
2072,53,18,4,5.067385388526672
2073,89,14,1,0.8426766797115939
2074,4,14,4,0.4629522846180243
2075,36,14,4,-0.32998979526760086
2076,148,18,3,-5.440758700856715
2077,15,23,4,-1.132730536045862
2078,198,19,2,-2.311241923291826
2079,79,0,3,-6.260166656161726
2080,83,10,0,-0.5394679721879989
2081,18,24,2,1.682304933381243
2082,160,8,4,5.193197498266007
2083,151,12,4,-1.7166268143805161
2084,10,6,2,-9.236442425815559
2085,157,16,3,-6.166816488248207
2086,94,14,1,3.389963007174241
2087,88,3,4,-3.1210301411306585
2088,89,2,1,-3.035528909425175
2089,24,24,1,5.262932956919516
2090,92,13,4,-3.7011233613726606
2091,60,5,1,5.459026640874045
2092,0,18,0,-2.0946044975644393
2093,142,13,0,5.688865634081131
2094,44,14,4,-2.2131508448423833
2095,134,15,1,3.490529127455775
2096,73,0,1,-8.271253696537821
2097,9,12,4,-4.236139135134115
2098,70,10,1,0.7776521505903466
2099,21,16,1,-3.7539925049572753
2100,136,12,4,3.777165158745487
2101,152,10,4,-6.126042754771227
2102,57,15,0,7.9794348133366535
2103,28,23,0,-6.785194358217724
2104,78,13,0,1.5638307507890916
2105,199,24,1,12.404097632872585
2106,144,11,1,3.4794419801204715
2107,67,1,0,1.933018158356178
2108,128,22,1,-0.9096035703787481
2109,32,6,2,-3.704756513245412
2110,43,20,4,-3.7713410953956155
2111,184,6,3,1.7292213060964992
2112,23,22,0,-4.298740499352096
2113,174,20,0,1.2214520617526987
2114,99,14,1,-3.710434812913604
2115,30,17,2,2.5365522316915006
2116,91,23,0,-3.372201490074816
2117,6,16,4,5.410642818361078
2118,177,19,3,1.1068701042047486
2119,163,6,0,7.692335667215861
2120,115,20,4,-1.556400169517143
2121,185,5,4,-5.998630897353384
2122,132,9,3,-1.1768110575394155
2123,105,21,0,2.4838433210306343
2124,146,18,3,-5.35309992133247
2125,93,8,2,-9.175835542837646
2126,132,19,3,4.372113572915682
2127,143,4,3,1.0675573688196374
2128,181,9,1,-6.824780249179298
2129,136,19,4,4.832465041968346
2130,163,24,0,3.454630206502866
2131,150,24,4,-0.47357589485376006
2132,130,21,4,-3.4159435625031045
2133,29,6,4,1.1517237077023874
2134,192,19,4,-1.0836674566402928
2135,176,4,4,0.8187423334750483
2136,174,11,0,-2.9736851215980726
2137,158,18,0,-6.700689684519867
2138,122,21,3,-2.297103068298375
2139,42,13,4,1.9127162609183532
2140,130,24,4,4.724326238065828
2141,6,3,4,1.2030030120734283
2142,86,14,4,3.0947006479265413
2143,103,1,4,-0.7255803947713051
2144,129,13,1,-2.5490035532664206
2145,69,11,4,-4.2809062316439235
2146,116,15,3,3.917539805411023
2147,103,23,4,-3.4208282509272134
2148,64,12,0,-5.7009074434121505
2149,180,22,1,-9.484056112853516
2150,9,9,4,-2.916324867137326
2151,119,18,4,-0.32936256990719115
2152,172,15,0,7.853796956825889
2153,14,9,4,-6.939403324817145
2154,196,20,3,-3.671316992099573
2155,141,19,4,-1.5927302117884807
2156,117,15,3,-7.2651219956903486
2157,197,12,1,-2.5706788011740107
2158,101,11,2,1.6691118886212335
2159,41,1,4,0.5399190244936392
2160,30,4,2,-0.7845271607127609
2161,119,0,4,-5.25110086460642
2162,197,15,1,6.008575083448404
2163,33,7,4,7.153061936091428
2164,159,19,4,-0.01641358103647339
2165,75,15,1,3.739864220327428
2166,148,20,3,-0.874715232999801
2167,100,9,1,-5.1290162475801555
2168,86,13,4,3.9062071392668174
2169,147,1,4,-0.9023201283831939
2170,19,18,0,2.6589447584673964
2171,119,22,4,-1.3985909247273147
2172,142,19,0,0.2996090001146683
2173,49,19,0,4.364403946775856
2174,11,19,2,1.9585238132875062
2175,144,2,1,2.7432020555927483
2176,102,6,4,0.04880821420732054
2177,185,21,4,-2.510695519465967
2178,64,14,0,-9.04272898763174
2179,175,22,3,3.731865461255993
2180,134,1,1,-2.456911414157762
2181,156,20,4,1.4792652558742032
2182,59,20,1,6.34099145844725
2183,143,17,3,11.138445287469764
2184,71,12,2,0.9698506389121746
2185,9,4,4,0.9666452299263606
2186,91,4,0,-1.3795030509534283
2187,62,10,0,-9.581097400509934
2188,176,4,4,2.6455035470589072
2189,141,10,4,-4.249346950561188
2190,43,23,4,-7.190720049938332
2191,136,20,4,5.749120269912106
2192,13,5,2,-1.0778021723010398
2193,30,4,2,0.045592344385529504
2194,125,21,0,4.640591566425069
2195,176,8,4,-1.9844648757555357
2196,83,11,0,1.8851294952453974
2197,116,7,3,5.602673646733621
2198,119,10,4,-2.8747674732582746
2199,142,20,0,3.170707395607638
2200,49,0,0,-2.6280535085544887
2201,55,5,0,-1.3851631673611526
2202,88,1,4,4.934446254487593
2203,90,11,1,-7.973586791574504
2204,172,23,0,-1.8500258860697905
2205,129,13,1,-0.4847172973388384
2206,140,4,3,-4.858785618762906
2207,190,17,0,4.245425452531451
2208,194,8,4,-1.2834896318349158
2209,92,0,4,-5.546150632498928
2210,125,0,0,0.3860011921619524
2211,160,18,4,3.247650243421603
2212,87,23,4,-6.275110984256363
2213,51,8,4,-3.510029497784947
2214,86,16,4,-0.0716038586441079
2215,75,2,1,-2.7388230679452676
2216,157,6,3,-1.925739839402362
2217,93,23,2,-8.628146284467409
2218,51,12,4,-9.85344174974234
2219,125,4,0,-4.180288770714795
2220,11,20,2,-1.1895321211229428
2221,27,16,0,-0.15275923103726652
2222,148,16,3,-0.5330768985520637
2223,37,13,3,-5.794383193435772
2224,154,12,0,-2.7568524149018274
2225,138,20,3,-2.657156904438004
2226,0,17,0,0.9994492304346316
2227,141,1,4,0.4902760214991171
2228,90,7,1,0.5076864577488216
2229,119,10,4,-6.532416408178358
2230,129,24,1,2.435137355256266
2231,122,16,3,0.4191660411599629
2232,132,12,3,3.0444045662533794
2233,11,23,2,-3.3080369941877747
2234,181,10,1,-6.0692572988840565
2235,71,6,2,4.159193766037185
2236,115,15,4,-1.4138725574688946
2237,107,15,1,-0.9299148944306406
2238,184,23,3,2.5071764921686848
2239,30,11,2,-3.0724509205193558
2240,198,8,2,-2.6079517024237693
2241,197,20,1,-0.3667122553936726
2242,185,6,4,0.8825150060361402
2243,182,1,0,-7.045151887612431
2244,168,6,4,0.466773896084524
2245,22,0,2,-9.078542522559545
2246,148,13,3,1.262619063191063
2247,145,14,0,2.176125260562616
2248,109,16,4,-7.361288544662359
2249,118,22,1,1.0251011563404586
2250,76,7,2,-5.85582635977274
2251,105,12,0,-0.9891979179771236
2252,64,5,0,-5.569420495293953
2253,59,6,1,1.9872164012061884
2254,84,0,2,-6.614571396245729
2255,104,16,2,-8.942689403792086
2256,190,3,0,-5.600776020762926
2257,110,11,4,-2.9172806124421298
2258,171,20,1,-2.157609548710426
2259,24,13,1,1.7794329855734792
2260,156,11,4,-3.7404007732923015
2261,105,11,0,-1.799118986815685
2262,29,12,4,4.198956628763597
2263,61,15,1,3.9778779905078325
2264,42,15,4,5.637412692027428
2265,183,0,3,-9.852797971665964
2266,163,2,0,6.870104504995748
2267,25,7,3,-2.530009400297252
2268,139,14,1,3.424072753369987
2269,144,23,1,4.185651878154416
2270,3,15,1,3.9584846332420836
2271,131,7,3,5.254704742800634
2272,134,2,1,-1.5014127556813017
2273,181,19,1,-4.127487264426739
2274,155,15,2,-2.213631490806289
2275,129,23,1,-3.9845978436570126
2276,157,18,3,-12.684656819540182
2277,98,6,1,4.956946593999123
2278,3,23,1,0.20712788762487966
2279,181,18,1,-7.363093633088746
2280,101,21,2,5.2116276498866005
2281,171,3,1,-6.907476915898595
2282,88,6,4,-1.5594159318553162
2283,118,14,1,5.210220252611878
2284,178,1,1,-4.429163633421119
2285,126,0,3,-2.18117789778792
2286,122,5,3,3.3303256924956477
2287,89,5,1,-0.5438962169665325
2288,118,7,1,5.411970670614604
2289,140,11,3,-3.427520582140449
2290,61,14,1,0.5567646552315513
2291,136,17,4,8.178765555742077
2292,114,19,4,2.173855227107079
2293,120,0,4,-1.882574046985738
2294,29,14,4,2.2814149177469534
2295,171,12,1,-8.255036206381167
2296,137,14,1,1.7038879609257132
2297,180,8,1,-3.4930264422475665
2298,85,5,1,0.46236231928114124
2299,109,19,4,-7.574057143303063
2300,78,22,0,-4.510120700082397
2301,151,6,4,-2.796000459508763
2302,56,5,2,-0.6093943037778198
2303,34,24,4,0.18365153374790721
2304,139,1,1,-0.42825416642851544
2305,190,19,0,-1.1001659047993806
2306,92,5,4,-6.4956502131926515
2307,2,22,4,0.26617279630275803
2308,149,12,2,0.06432818236160309
2309,135,23,4,-4.421566356822453
2310,27,17,0,6.8655725784505695
2311,165,16,3,-1.649233919793229
2312,158,19,0,-9.219474106586791
2313,116,12,3,1.8081245013654745
2314,37,8,3,-1.5003555836774645
2315,155,4,2,-4.883883012995073
2316,125,17,0,9.932513168465812
2317,45,6,0,5.349799396677353
2318,43,7,4,-0.9150119982978566
2319,165,17,3,6.917744541580275
2320,26,12,4,-3.028244343783678
2321,199,20,1,11.121723661769876
2322,142,7,0,2.4432615999668306
2323,37,5,3,-3.66189611376167
2324,34,12,4,2.025288069528653
2325,195,21,1,-1.4163548193914488
2326,161,3,0,-6.80999033316918
2327,63,17,3,-1.5132713927336092
2328,149,14,2,1.5082897341379728
2329,183,11,3,-10.16686447529791
2330,36,12,4,-6.528177594215805
2331,31,15,4,-1.2483998007563042
2332,4,23,4,-1.8336343448380399
2333,107,13,1,-3.1069289281644035
2334,45,22,0,0.7160805182841793
2335,52,0,2,-8.18626422440071
2336,171,22,1,-5.664945437567933
2337,81,18,0,-3.5840137810567994
2338,91,24,0,2.5911242198577646
2339,193,14,2,-0.10346719303332039
2340,169,0,4,-6.935289246038607
2341,135,13,4,-5.613933151416049
2342,51,15,4,-7.189075251440966
2343,168,13,4,-0.7150993554733533
2344,62,15,0,3.6412250263681276
2345,2,6,4,-0.917986983672162
2346,167,3,2,-8.445771399883407
2347,70,11,1,-3.570065937325561
2348,40,19,0,-6.651855277230232
2349,131,4,3,-1.3667115953786277
2350,104,4,2,-4.201265983138013
2351,198,18,2,-2.9748552937108568
2352,146,10,3,2.754282368353288
2353,129,24,1,1.6613003920453921
2354,77,14,3,-2.885772383954693
2355,39,19,1,9.041021162787406
2356,54,1,3,3.54917887241548
2357,12,20,2,-9.910314686880389
2358,103,17,4,-0.374507669823437
2359,121,6,1,-1.0224768636636146
2360,61,20,1,1.0331556703530334
2361,104,21,2,-2.961085571341564
2362,182,2,0,-6.502602155016758
2363,12,9,2,-9.858526434132665
2364,193,0,2,-3.4832527918289085
2365,99,19,1,-6.26231884801978
2366,116,5,3,1.4348760524669504
2367,84,1,2,-3.3279136878972273
2368,172,12,0,-4.698787282589616
2369,135,14,4,-1.990076343672651
2370,163,6,0,3.0486244498562405
2371,15,12,4,-2.2622526187801255
2372,35,5,2,-4.422544498916395
2373,34,8,4,4.406413892045017
2374,159,3,4,-2.4305394973284553
2375,192,14,4,3.3391298866654076
2376,3,19,1,0.9113647490136106
2377,91,9,0,-2.8782672997903065
2378,166,13,4,-4.089158565085851
2379,88,2,4,-3.656976075337628
2380,139,21,1,-2.0837642318502905
2381,103,13,4,-8.51376629161403
2382,188,8,1,2.29900383647181
2383,193,2,2,-3.3391425640079513
2384,92,7,4,0.44864932108596356
2385,44,8,4,2.5749043830425222
2386,64,4,0,-9.758120236811891
2387,113,0,1,-8.991147401817603
2388,152,2,4,-1.2581913249110694
2389,133,23,1,-6.547378599530583
2390,96,10,4,0.4923507856622711
2391,172,11,0,-0.6471098030857807
2392,144,22,1,1.5200181653927174
2393,55,3,0,-4.1783051003353355
2394,2,8,4,1.3831002843095448
2395,158,2,0,-8.071711639724699
2396,112,11,4,-4.3542261914731935
2397,130,24,4,1.9351569759835954
2398,109,16,4,-8.309054931795313
2399,128,4,1,-0.857603769970351
2400,62,1,0,1.1135608567176676
2401,12,18,2,-9.932298433316841
2402,194,24,4,-6.106534078352385
2403,165,9,3,-4.474612358221574
2404,172,21,0,-0.05465196021392152
2405,19,13,0,5.745407716575885
2406,16,23,0,-7.967573873763289
2407,143,14,3,6.462132663414716
2408,21,2,1,-6.239026641740842
2409,150,13,4,3.2385270165786757
2410,31,14,4,-0.7807466887343689
2411,184,22,3,1.9941076069447878
2412,186,19,0,1.648891474335733
2413,84,21,2,4.244816830079653
2414,160,15,4,4.84808896018922
2415,171,0,1,-5.806209634321695
2416,139,10,1,1.1537260206630995
2417,48,11,3,-3.3102822984807996
2418,159,8,4,0.8864443442754406
2419,64,7,0,-1.314110950118431
2420,131,24,3,2.3227049155114927
2421,177,8,3,-1.9665599814710955
2422,131,23,3,-1.4142899337350368
2423,106,10,1,-6.875210800371251
2424,41,2,4,-2.3893038086258462
2425,171,24,1,-1.916042843799468
2426,109,6,4,-7.8512316648223335
2427,76,21,2,0.23345720132851833
2428,60,16,1,1.294746362181049
2429,91,14,0,-0.2368607143165476
2430,54,6,3,3.5908850010988846
2431,136,0,4,-0.4225041972469752
2432,126,13,3,-2.1880242377948047
2433,110,2,4,0.47465079356837386
2434,159,16,4,-2.3594435453409153
2435,27,2,0,0.8947529923120152
2436,163,14,0,3.61926602950592
2437,170,10,4,-7.80086947623958
2438,197,1,1,-3.8683223191038683
2439,65,3,1,-1.6549063648206204
2440,64,15,0,1.323654840777338
2441,36,24,4,-0.17490347769964298
2442,29,18,4,2.0136482601406924
2443,182,13,0,-5.646285568817468
2444,130,22,4,5.628413223805905
2445,127,14,4,-1.3705617990433128
2446,136,17,4,5.1811543325290526
2447,120,2,4,-2.18984601989894
2448,103,1,4,-4.448771473907541
2449,28,1,0,-3.7843733083550473
2450,165,9,3,-3.854281939610103
2451,83,22,0,-1.1436675225332475
2452,98,15,1,9.80613442520922
2453,31,0,4,-6.562291102898113
2454,179,20,0,-2.2001239408150943
2455,23,21,0,-3.4134522307790247
2456,110,13,4,-0.48456879234319905
2457,168,13,4,1.1876344441243532
2458,126,16,3,3.662599278038737
2459,77,6,3,0.8084417735089682
2460,89,19,1,0.03370020707429
2461,15,10,4,1.4639290930490787
2462,64,10,0,-6.87796863982263
2463,199,6,1,12.657538420932982
2464,1,24,0,-4.233055944910685
2465,4,16,4,1.9711145024422152
2466,133,7,1,2.83929910430078
2467,164,22,4,-1.3376777872956243
2468,65,1,1,-0.5180121819559275
2469,87,4,4,1.0318403300008328
2470,169,3,4,-6.256713961027864
2471,69,18,4,-3.840411597056702
2472,137,19,1,4.910448477843995
2473,130,9,4,2.8343798501421107
2474,69,8,4,0.5803361561751849
2475,99,24,1,-5.398498488718871
2476,152,3,4,-6.256760084089152
2477,100,9,1,-3.9290538728957807
2478,98,21,1,0.810580147380842
2479,149,22,2,-4.662445647287242
2480,122,10,3,3.7118616701371123
2481,45,12,0,4.330598342869328
2482,96,14,4,1.8825184894159221
2483,88,20,4,1.9402877736397337
2484,2,22,4,0.7918686389578871
2485,148,16,3,-3.9826717361877586
2486,15,21,4,-2.362279312813537
2487,40,6,0,-7.307324583555969
2488,179,10,0,-8.202271714744313
2489,25,7,3,0.13131341735941082
2490,134,6,1,-4.36303307769857
2491,25,21,3,-6.338317512441642
2492,77,19,3,1.6515842942682382
2493,46,17,1,4.945363704398501
2494,191,23,2,-3.724591249089347
2495,93,14,2,-10.507496890464756
2496,176,12,4,-4.869471858513162
2497,100,15,1,0.993246020411787
2498,33,7,4,5.6085494594127505
2499,159,22,4,0.6327207154660537
